code,name,level,parent_code
A,"농업, 임업 및 어업",1,
01,농업,2,A
011,작물 재배업,3,01
0111,곡물 및 기타 식량작물 재배업,4,011
01110,곡물 및 기타 식량작물 재배업,5,0111
0112,"채소, 화훼작물 및 종묘 재배업",4,011
01121,채소작물 재배업,5,0112
01122,화훼작물 재배업,5,0112
01123,종자 및 묘목 생산업,5,0112
0113,"과실, 음료용 및 향신용 작물 재배업",4,011
01131,과실작물 재배업,5,0113
01132,음료용 및 향신용 작물 재배업,5,0113
0114,기타 작물 재배업,4,011
01140,기타 작물 재배업,5,0114
0115,시설작물 재배업,4,011
01151,콩나물 재배업,5,0115
01152,"채소, 화훼 및 과실작물 시설 재배업",5,0115
01159,기타 시설작물 재배업,5,0115
012,축산업,3,01
0121,소 사육업,4,012
01211,젖소 사육업,5,0121
01212,육우 사육업,5,0121
0122,양돈업,4,012
01220,양돈업,5,0122
0123,가금류 및 조류 사육업,4,012
01231,양계업,5,0123
01239,기타 가금류 및 조류 사육업,5,0123
0129,기타 축산업,4,012
01291,말 및 양 사육업,5,0129
01299,그 외 기타 축산업,5,0129
013,작물재배 및 축산 복합농업,3,01
0130,작물재배 및 축산 복합농업,4,013
01300,작물재배 및 축산 복합농업,5,0130
014,작물재배 및 축산 관련 서비스업,3,01
0141,작물재배 관련 서비스업,4,014
01411,작물재배 지원 서비스업,5,0141
01412,"농산물 건조, 선별 및 기타 수확 후 서비스업",5,0141
0142,축산 관련 서비스업,4,014
01420,축산 관련 서비스업,5,0142
015,수렵 및 관련 서비스업,3,01
0150,수렵 및 관련 서비스업,4,015
01500,수렵 및 관련 서비스업,5,0150
02,임업,2,A
020,임업,3,02
0201,영림업,4,020
02011,임업용 종묘 생산업,5,0201
02012,육림업,5,0201
0202,벌목업,4,020
02020,벌목업,5,0202
0203,임산물 채취업,4,020
02030,임산물 채취업,5,0203
0204,임업 관련 서비스업,4,020
02040,임업 관련 서비스업,5,0204
03,어업,2,A
031,어로 어업,3,03
0311,해수면 어업,4,031
03111,원양 어업,5,0311
03112,연근해 어업,5,0311
0312,내수면 어업,4,031
03120,내수면 어업,5,0312
032,양식어업 및 어업관련 서비스업,3,03
0321,양식 어업,4,032
03211,해수면 양식 어업,5,0321
03212,내수면 양식 어업,5,0321
03213,수산물 부화 및 수산 종자 생산업,5,0321
0322,어업 관련 서비스업,4,032
03220,어업 관련 서비스업,5,0322
B,광업,1,
05,"석탄, 원유 및 천연가스 광업",2,B
051,석탄 광업,3,05
0510,석탄 광업,4,051
05100,석탄 광업,5,0510
052,원유 및 천연가스 채굴업,3,05
0520,원유 및 천연가스 채굴업,4,052
05200,원유 및 천연가스 채굴업,5,0520
06,금속 광업,2,B
061,철 광업,3,06
0610,철 광업,4,061
06100,철 광업,5,0610
062,비철금속 광업,3,06
0620,비철금속 광업,4,062
06200,비철금속 광업,5,0620
07,비금속광물 광업; 연료용 제외,2,B
071,토사석 광업,3,07
0711,석회석 및 점토 광업,4,071
07110,석회석 및 점토 광업,5,0711
0712,"석재, 쇄석 및 모래, 자갈 채취업",4,071
07121,건설용 석재 채굴 및 쇄석 생산업,5,0712
07122,모래 및 자갈 채취업,5,0712
072,기타 비금속광물 광업,3,07
0721,화학용 및 비료 원료용 광물 광업,4,072
07210,화학용 및 비료 원료용 광물 광업,5,0721
0722,천일염 생산 및 암염 채취업,4,072
07220,천일염 생산 및 암염 채취업,5,0722
0729,그 외 기타 비금속광물 광업,4,072
07290,그 외 기타 비금속광물 광업,5,0729
08,광업 지원 서비스업,2,B
080,광업 지원 서비스업,3,08
0800,광업 지원 서비스업,4,080
08000,광업 지원 서비스업,5,0800
C,제조업,1,
10,식료품 제조업,2,C
101,"도축, 육류 가공 및 저장 처리업",3,10
1011,도축업,4,101
10111,육류 도축업(가금류 제외),5,1011
10112,가금류 도축업,5,1011
1012,육류 가공 및 저장 처리업,4,101
10121,가금류 가공 및 저장 처리업,5,1012
10122,육류 포장육 및 냉동육 가공업(가금류 제외),5,1012
10129,육류 기타 가공 및 저장 처리업(가금류 제외),5,1012
102,수산물 가공 및 저장 처리업,3,10
1021,수산동물 가공 및 저장 처리업,4,102
10211,"수산동물 훈제, 조리 및 유사 조제식품 제조업",5,1021
10212,수산동물 건조 및 염장품 제조업,5,1021
10213,수산동물 냉동품 제조업,5,1021
10219,기타 수산동물 가공 및 저장 처리업,5,1021
1022,수산식물 가공 및 저장 처리업,4,102
10220,수산식물 가공 및 저장 처리업,5,1022
103,"과실, 채소 가공 및 저장 처리업",3,10
1030,"과실, 채소 가공 및 저장 처리업",4,103
10301,김치류 제조업,5,1030
10302,과실 및 그 외 채소 절임식품 제조업,5,1030
10309,기타 과실ㆍ채소 가공 및 저장 처리업,5,1030
104,동물성 및 식물성 유지 제조업,3,10
1040,동물성 및 식물성 유지 제조업,4,104
10401,동물성 유지 제조업,5,1040
10402,식물성 유지 제조업,5,1040
10403,식용 정제유 및 가공유 제조업,5,1040
105,낙농제품 및 식용 빙과류 제조업,3,10
1050,낙농제품 및 식용 빙과류 제조업,4,105
10501,액상 시유 및 기타 낙농제품 제조업,5,1050
10502,아이스크림 및 기타 식용 빙과류 제조업,5,1050
106,"곡물 가공품, 전분 및 전분제품 제조업",3,10
1061,곡물 가공품 제조업,4,106
10611,곡물 도정업,5,1061
10612,곡물 제분업,5,1061
10613,곡물 혼합 분말 및 반죽 제조업,5,1061
10619,기타 곡물 가공품 제조업,5,1061
1062,전분제품 및 당류 제조업,4,106
10620,전분제품 및 당류 제조업,5,1062
107,기타 식품 제조업,3,10
1071,"떡, 빵 및 과자류 제조업",4,107
10711,떡류 제조업,5,1071
10712,빵류 제조업,5,1071
10713,과자류 및 코코아 제품 제조업,5,1071
1072,설탕 제조업,4,107
10720,설탕 제조업,5,1072
1073,"면류, 마카로니 및 유사 식품 제조업",4,107
10730,"면류, 마카로니 및 유사 식품 제조업",5,1073
1074,조미료 및 식품 첨가물 제조업,4,107
10741,"식초, 발효 및 화학 조미료 제조업",5,1074
10742,천연 및 혼합 조제 조미료 제조업,5,1074
10743,장류 제조업,5,1074
10749,기타 식품 첨가물 제조업,5,1074
1075,도시락 및 식사용 조리식품 제조업,4,107
10751,도시락류 제조업,5,1075
10759,기타 식사용 가공처리 조리식품 제조업,5,1075
1079,기타 식료품 제조업,4,107
10791,커피 가공업,5,1079
10792,차류 가공업,5,1079
10793,수프 및 균질화식품 제조업,5,1079
10794,두부 및 유사 식품 제조업,5,1079
10795,인삼식품 제조업,5,1079
10796,건강 보조용 액화식품 제조업,5,1079
10797,건강 기능식품 제조업,5,1079
10799,그 외 기타 식료품 제조업,5,1079
108,동물용 사료 및 조제식품 제조업,3,10
1080,동물용 사료 및 조제식품 제조업,4,108
10801,배합 사료 제조업,5,1080
10802,단미사료 및 기타 사료 제조업,5,1080
11,음료 제조업,2,C
111,알코올 음료 제조업,3,11
1111,발효주 제조업,4,111
11111,탁주 및 약주 제조업,5,1111
11112,맥아 및 맥주 제조업,5,1111
11119,기타 발효주 제조업,5,1111
1112,증류주 및 합성주 제조업,4,111
11121,주정 제조업,5,1112
11122,소주 제조업,5,1112
11129,기타 증류주 및 합성주 제조업,5,1112
112,비알코올 음료 및 얼음 제조업,3,11
1120,비알코올 음료 및 얼음 제조업,4,112
11201,얼음 제조업,5,1120
11202,생수 생산업,5,1120
11209,기타 비알코올 음료 제조업,5,1120
12,담배 제조업,2,C
120,담배 제조업,3,12
1200,담배 제조업,4,120
12000,담배제품 제조업,5,1200
13,섬유제품 제조업; 의복 제외,2,C
131,방적 및 가공사 제조업,3,13
1310,방적 및 가공사 제조업,4,131
13101,면 방적업,5,1310
13102,모 방적업,5,1310
13103,화학섬유 방적업,5,1310
13104,연사 및 가공사 제조업,5,1310
13109,기타 방적업,5,1310
132,직물 직조 및 직물제품 제조업,3,13
1321,직물 직조업,4,132
13211,면직물 직조업,5,1321
13212,모직물 직조업,5,1321
13213,화학섬유직물 직조업,5,1321
13219,특수직물 및 기타 직물 직조업,5,1321
1322,직물제품 제조업,4,132
13221,침구 및 관련제품 제조업,5,1322
13222,자수제품 및 자수용 재료 제조업,5,1322
13223,커튼 및 유사 제품 제조업,5,1322
13224,"천막, 텐트 및 유사 제품 제조업",5,1322
13225,직물포대 제조업,5,1322
13229,기타 직물제품 제조업,5,1322
133,편조 원단 제조업,3,13
1330,편조 원단 제조업,4,133
13300,편조 원단 제조업,5,1330
134,"섬유제품 염색, 정리 및 마무리 가공업",3,13
1340,"섬유제품 염색, 정리 및 마무리 가공업",4,134
13401,솜 및 실 염색 가공업,5,1340
13402,"직물, 편조 원단 및 의복류 염색 가공업",5,1340
13403,날염 가공업,5,1340
13409,섬유제품 기타 정리 및 마무리 가공업,5,1340
139,기타 섬유제품 제조업,3,13
1391,"카펫, 마루덮개 및 유사 제품 제조업",4,139
13910,"카펫, 마루덮개 및 유사 제품 제조업",5,1391
1392,"끈, 로프, 망 및 끈 가공품 제조업",4,139
13921,끈 및 로프 제조업,5,1392
13922,어망 및 기타 끈 가공품 제조업,5,1392
1399,그 외 기타 섬유제품 제조업,4,139
13991,세폭직물 제조업,5,1399
13992,부직포 및 펠트 제조업,5,1399
13993,특수사 및 코드직물 제조업,5,1399
13994,표면처리 및 적층 직물 제조업,5,1399
13999,그 외 기타 분류 안된 섬유제품 제조업,5,1399
14,"의복, 의복 액세서리 및 모피제품 제조업",2,C
141,봉제의복 제조업,3,14
1411,겉옷 제조업,4,141
14111,남자용 겉옷 제조업,5,1411
14112,여자용 겉옷 제조업,5,1411
1412,속옷 및 잠옷 제조업,4,141
14120,속옷 및 잠옷 제조업,5,1412
1413,한복 제조업,4,141
14130,한복 제조업,5,1413
1419,기타 봉제의복 제조업,4,141
14191,셔츠 및 블라우스 제조업,5,1419
14192,"근무복, 작업복 및 유사 의복 제조업",5,1419
14193,가죽의복 제조업,5,1419
14194,유아용 의복 제조업,5,1419
14199,그 외 기타 봉제의복 제조업,5,1419
142,모피제품 제조업,3,14
1420,모피제품 제조업,4,142
14200,모피제품 제조업,5,1420
143,편조의복 제조업,3,14
1430,편조의복 제조업,4,143
14300,편조의복 제조업,5,1430
144,의복 액세서리 제조업,3,14
1441,편조 의복 액세서리 제조업,4,144
14411,스타킹 및 기타양말 제조업,5,1441
14419,기타 편조 의복 액세서리 제조업,5,1441
1449,기타 의복 액세서리 제조업,4,144
14491,모자 제조업,5,1449
14499,그 외 기타 의복 액세서리 제조업,5,1449
15,"가죽, 가방 및 신발 제조업",2,C
151,"가죽, 가방 및 유사 제품 제조업",3,15
1511,모피 및 가죽 제조업,4,151
15110,모피 및 가죽 제조업,5,1511
1512,"핸드백, 가방 및 기타 보호용 케이스 제조업",4,151
15121,핸드백 및 지갑 제조업,5,1512
15129,가방 및 기타 보호용 케이스 제조업,5,1512
1519,기타 가죽제품 제조업,4,151
15190,기타 가죽제품 제조업,5,1519
152,신발 및 신발 부분품 제조업,3,15
1521,신발 제조업,4,152
15211,구두류 제조업,5,1521
15219,기타 신발 제조업,5,1521
1522,신발 부분품 제조업,4,152
15220,신발 부분품 제조업,5,1522
16,목재 및 나무제품 제조업; 가구 제외,2,C
161,제재 및 목재 가공업,3,16
1610,제재 및 목재 가공업,4,161
16101,일반 제재업,5,1610
16102,표면 가공목재 및 특정 목적용 제재목 제조업,5,1610
16103,"목재 보존, 방부처리, 도장 및 유사 처리업",5,1610
162,나무제품 제조업,3,16
1621,"박판, 합판 및 강화 목제품 제조업",4,162
16211,"박판, 합판 및 유사 적층판 제조업",5,1621
16212,강화 및 재생 목재 제조업,5,1621
1622,건축용 나무제품 제조업,4,162
16221,목재 문 및 관련제품 제조업,5,1622
16229,기타 건축용 나무제품 제조업,5,1622
1623,"목재 상자, 드럼 및 적재판 제조업",4,162
16231,목재 깔판류 및 기타 적재판 제조업,5,1623
16232,"목재 포장용 상자, 드럼 및 유사 용기 제조업",5,1623
1629,기타 나무제품 제조업,4,162
16291,목재 도구 및 주방용 나무제품 제조업,5,1629
16292,장식용 목제품 제조업,5,1629
16299,그 외 기타 나무제품 제조업,5,1629
163,코르크 및 조물 제품 제조업,3,16
1630,코르크 및 조물 제품 제조업,4,163
16300,코르크 및 조물 제품 제조업,5,1630
17,"펄프, 종이 및 종이제품 제조업",2,C
171,"펄프, 종이 및 판지 제조업",3,17
1711,펄프 제조업,4,171
17110,펄프 제조업,5,1711
1712,종이 및 판지 제조업,4,171
17121,신문용지 제조업,5,1712
17122,인쇄용 및 필기용 원지 제조업,5,1712
17123,크라프트지 및 상자용 판지 제조업,5,1712
17124,"적층, 합성 및 특수 표면처리 종이 제조업",5,1712
17125,위생용 원지 제조업,5,1712
17129,기타 종이 및 판지 제조업,5,1712
172,"골판지, 종이 상자 및 종이 용기 제조업",3,17
1721,골판지 및 골판지 가공제품 제조업,4,172
17211,골판지 제조업,5,1721
17212,골판지 상자 및 가공제품 제조업,5,1721
1722,"종이 포대, 판지 상자 및 종이 용기 제조업",4,172
17221,종이 포대 및 가방 제조업,5,1722
17222,판지 상자 및 용기 제조업,5,1722
17223,식품 위생용 종이 상자 및 용기 제조업,5,1722
17229,기타 종이 상자 및 용기 제조업,5,1722
179,기타 종이 및 판지 제품 제조업,3,17
1790,기타 종이 및 판지 제품 제조업,4,179
17901,문구용 종이제품 제조업,5,1790
17902,위생용 종이제품 제조업,5,1790
17903,벽지 및 장판지 제조업,5,1790
17909,그 외 기타 종이 및 판지 제품 제조업,5,1790
18,인쇄 및 기록매체 복제업,2,C
181,인쇄 및 인쇄관련 산업,3,18
1811,인쇄업,4,181
18111,경 인쇄업,5,1811
18112,스크린 인쇄업,5,1811
18113,오프셋 인쇄업,5,1811
18119,기타 인쇄업,5,1811
1812,인쇄관련 산업,4,181
18121,제판 및 조판업,5,1812
18122,제책업,5,1812
18129,기타 인쇄관련 산업,5,1812
182,기록매체 복제업,3,18
1820,기록매체 복제업,4,182
18200,기록매체 복제업,5,1820
19,"코크스, 연탄 및 석유정제품 제조업",2,C
191,코크스 및 연탄 제조업,3,19
1910,코크스 및 연탄 제조업,4,191
19101,코크스 및 관련제품 제조업,5,1910
19102,연탄 및 기타 석탄 가공품 제조업,5,1910
192,석유 정제품 제조업,3,19
1921,원유 정제처리업,4,192
19210,원유 정제처리업,5,1921
1922,석유 정제물 재처리업,4,192
19221,윤활유 및 그리스 제조업,5,1922
19229,기타 석유 정제물 재처리업,5,1922
20,화학 물질 및 화학제품 제조업; 의약품 제외,2,C
201,기초 화학물질 제조업,3,20
2011,기초 유기화학 물질 제조업,4,201
20111,석유화학계 기초 화학 물질 제조업,5,2011
20112,천연수지 및 나무 화학 물질 제조업,5,2011
20119,석탄화학계 화합물 및 기타 기초 유기화학 물질 제조업,5,2011
2012,기초 무기화학 물질 제조업,4,201
20121,산업용 가스 제조업,5,2012
20129,기타 기초 무기화학 물질 제조업,5,2012
2013,"무기 안료, 염료, 유연제 및 기타 착색제 제조업",4,201
20131,무기 안료용 금속 산화물 및 관련 제품 제조업,5,2013
20132,"염료, 조제 무기 안료, 유연제 및 기타 착색제 제조업",5,2013
202,합성고무 및 플라스틱 물질 제조업,3,20
2020,합성고무 및 플라스틱 물질 제조업,4,202
20201,합성고무 제조업,5,2020
20202,합성수지 및 기타 플라스틱 물질 제조업,5,2020
20203,혼성 및 재생 플라스틱 소재 물질 제조업,5,2020
203,"비료, 농약 및 살균ㆍ살충제 제조업",3,20
2031,비료 및 질소 화합물 제조업,4,203
20311,"질소 화합물, 질소ㆍ인산 및 칼리질 화학비료 제조업",5,2031
20312,복합비료 및 기타 화학비료 제조업,5,2031
20313,유기질 비료 및 상토 제조업,5,2031
2032,살균ㆍ살충제 및 농약 제조업,4,203
20321,화학 살균ㆍ살충제 및 농업용 약제 제조업,5,2032
20322,생물 살균ㆍ살충제 및 식물보호제 제조업,5,2032
204,기타 화학제품 제조업,3,20
2041,"잉크, 페인트, 코팅제 및 유사제품 제조업",4,204
20411,일반용 도료 및 관련제품 제조업,5,2041
20412,요업용 도포제 및 관련제품 제조업,5,2041
20413,인쇄 잉크 및 회화용 물감 제조업,5,2041
2042,"세제, 화장품 및 광택제 제조업",4,204
20421,계면활성제 제조업,5,2042
20422,"치약, 비누 및 기타 세제 제조업",5,2042
20423,화장품 제조업,5,2042
20424,표면 광택제 및 실내 가향제 제조업,5,2042
2049,그 외 기타 화학제품 제조업,4,204
20491,감광 재료 및 관련 화학제품 제조업,5,2049
20492,가공 및 정제염 제조업,5,2049
20493,접착제 및 젤라틴 제조업,5,2049
20494,화약 및 불꽃제품 제조업,5,2049
20495,바이오 연료 및 혼합물 제조업,5,2049
20499,그 외 기타 분류 안된 화학제품 제조업,5,2049
205,화학섬유 제조업,3,20
2050,화학섬유 제조업,4,205
20501,합성섬유 제조업,5,2050
20502,재생 섬유 제조업,5,2050
21,의료용 물질 및 의약품 제조업,2,C
211,기초 의약 물질 및 생물학적 제제 제조업,3,21
2110,기초 의약 물질 및 생물학적 제제 제조업,4,211
21101,의약용 화합물 및 항생물질 제조업,5,2110
21102,생물학적 제제 제조업,5,2110
212,의약품 제조업,3,21
2121,완제 의약품 제조업,4,212
21210,완제 의약품 제조업,5,2121
2122,한의약품 제조업,4,212
21220,한의약품 제조업,5,2122
2123,동물용 의약품 제조업,4,212
21230,동물용 의약품 제조업,5,2123
213,의료용품 및 기타 의약 관련제품 제조업,3,21
2130,의료용품 및 기타 의약 관련제품 제조업,4,213
21300,의료용품 및 기타 의약 관련제품 제조업,5,2130
22,고무 및 플라스틱제품 제조업,2,C
221,고무제품 제조업,3,22
2211,고무 타이어 및 튜브 생산업,4,221
22111,타이어 및 튜브 제조업,5,2211
22112,타이어 재생업,5,2211
2219,기타 고무제품 제조업,4,221
22191,고무 패킹류 제조업,5,2219
22192,산업용 그 외 비경화 고무제품 제조업,5,2219
22193,고무 의류 및 기타 위생용 비경화 고무제품 제조업,5,2219
22199,그 외 기타 고무제품 제조업,5,2219
222,플라스틱 제품 제조업,3,22
2221,1차 플라스틱제품 제조업,4,222
22211,"플라스틱 선, 봉, 관 및 호스 제조업",5,2221
22212,플라스틱 필름 제조업,5,2221
22213,플라스틱 시트 및 판 제조업,5,2221
22214,플라스틱 합성피혁 제조업,5,2221
2222,건축용 플라스틱제품 제조업,4,222
22221,벽 및 바닥 피복용 플라스틱 제품 제조업,5,2222
22222,설치용 및 위생용 플라스틱제품 제조업,5,2222
22223,플라스틱 창호 제조업,5,2222
22229,기타 건축용 플라스틱 조립제품 제조업,5,2222
2223,포장용 플라스틱제품 제조업,4,222
22231,"플라스틱 포대, 봉투 및 유사제품 제조업",5,2223
22232,포장용 플라스틱 성형용기 제조업,5,2223
2224,기계장비 조립용 플라스틱제품 제조업,4,222
22241,운송장비 조립용 플라스틱제품 제조업,5,2224
22249,기타 기계ㆍ장비 조립용 플라스틱제품 제조업,5,2224
2225,플라스틱 발포 성형제품 제조업,4,222
22251,폴리스티렌 발포 성형제품 제조업,5,2225
22259,기타 플라스틱 발포 성형제품 제조업,5,2225
2229,기타 플라스틱 제품 제조업,4,222
22291,플라스틱 접착처리 제품 제조업,5,2229
22292,"플라스틱 적층, 도포 및 기타 표면처리 제품 제조업",5,2229
22299,그 외 기타 플라스틱 제품 제조업,5,2229
23,비금속 광물제품 제조업,2,C
231,유리 및 유리제품 제조업,3,23
2311,판유리 및 판유리 가공품 제조업,4,231
23111,판유리 제조업,5,2311
23112,안전유리 제조업,5,2311
23119,기타 판유리 가공품 제조업,5,2311
2312,산업용 유리 제조업,4,231
23121,"1차 유리제품, 유리섬유 및 광학용 유리 제조업",5,2312
23122,디스플레이 장치용 유리 제조업,5,2312
23129,기타 산업용 유리제품 제조업,5,2312
2319,기타 유리제품 제조업,4,231
23191,가정용 유리제품 제조업,5,2319
23192,포장용 유리용기 제조업,5,2319
23199,그 외 기타 유리제품 제조업,5,2319
232,"내화, 비내화 요업제품 제조업",3,23
2321,내화 요업제품 제조업,4,232
23211,정형 내화 요업제품 제조업,5,2321
23212,부정형 내화 요업제품 제조업,5,2321
2322,비내화 일반 도자기 제조업,4,232
23221,가정용 및 장식용 도자기 제조업,5,2322
23222,위생용 및 산업용 도자기 제조업,5,2322
23229,기타 일반 도자기 제조업,5,2322
2323,건축용 비내화 요업제품 제조업,4,232
23231,"점토 벽돌, 블록 및 유사 비내화 요업제품 제조업",5,2323
23232,타일 및 유사 비내화 요업제품 제조업,5,2323
23239,기타 건축용 비내화 요업제품 제조업,5,2323
233,"시멘트, 석회, 플라스터 및 그 제품 제조업",3,23
2331,"시멘트, 석회 및 플라스터 제조업",4,233
23311,시멘트 제조업,5,2331
23312,석회 및 플라스터 제조업,5,2331
2332,"콘크리트, 레미콘 및 기타 시멘트, 플라스터 제품 제조업",4,233
23321,비내화 모르타르 제조업,5,2332
23322,레미콘 제조업,5,2332
23323,플라스터 혼합제품 제조업,5,2332
23324,"콘크리트 타일, 기와, 벽돌 및 블록 제조업",5,2332
23325,콘크리트 관 및 기타 구조용 콘크리트제품 제조업,5,2332
23329,그 외 기타 콘크리트 제품 및 유사 제품 제조업,5,2332
239,기타 비금속 광물제품 제조업,3,23
2391,석제품 제조업,4,239
23911,건설용 석제품 제조업,5,2391
23919,기타 석제품 제조업,5,2391
2399,그 외 기타 비금속 광물제품 제조업,4,239
23991,아스팔트 콘크리트 및 혼합제품 제조업,5,2399
23992,연마재 제조업,5,2399
23993,비금속광물 분쇄물 생산업,5,2399
23994,암면 및 유사 제품 제조업,5,2399
23995,탄소섬유 제조업,5,2399
23999,그 외 기타 분류 안된 비금속 광물제품 제조업,5,2399
24,1차 금속 제조업,2,C
241,1차 철강 제조업,3,24
2411,"제철, 제강 및 합금철 제조업",4,241
24111,제철업,5,2411
24112,제강업,5,2411
24113,합금철 제조업,5,2411
24119,기타 제철 및 제강업,5,2411
2412,"철강 압연, 압출 및 연신제품 제조업",4,241
24121,열간 압연 및 압출제품 제조업,5,2412
24122,냉간 압연 및 압출 제품 제조업,5,2412
24123,철강선 제조업,5,2412
2413,철강관 제조업,4,241
24131,주철관 제조업,5,2413
24132,강관 제조업,5,2413
24133,강관 가공품 및 관 연결구류 제조업,5,2413
2419,기타 1차 철강 제조업,4,241
24191,"도금, 착색 및 기타 표면 처리 강재 제조업",5,2419
24199,그 외 기타 1차 철강 제조업,5,2419
242,1차 비철금속 제조업,3,24
2421,"비철금속 제련, 정련 및 합금 제조업",4,242
24211,"동 제련, 정련 및 합금 제조업",5,2421
24212,"알루미늄 제련, 정련 및 합금 제조업",5,2421
24213,"연 및 아연 제련, 정련 및 합금 제조업",5,2421
24219,"기타 비철금속 제련, 정련 및 합금 제조업",5,2421
2422,"비철금속 압연, 압출 및 연신제품 제조업",4,242
24221,"동 압연, 압출 및 연신제품 제조업",5,2422
24222,"알루미늄 압연, 압출 및 연신제품 제조업",5,2422
24229,"기타 비철금속 압연, 압출 및 연신제품 제조업",5,2422
2429,기타 1차 비철금속 제조업,4,242
24290,기타 1차 비철금속 제조업,5,2429
243,금속 주조업,3,24
2431,철강 주조업,4,243
24311,선철 주물 주조업,5,2431
24312,강 주물 주조업,5,2431
2432,비철금속 주조업,4,243
24321,알루미늄 주물 주조업,5,2432
24322,동 주물 주조업,5,2432
24329,기타 비철금속 주조업,5,2432
25,금속 가공제품 제조업; 기계 및 가구 제외,2,C
251,"구조용 금속제품, 탱크 및 증기발생기 제조업",3,25
2511,구조용 금속제품 제조업,4,251
25111,"금속 문, 창, 셔터 및 관련제품 제조업",5,2511
25112,구조용 금속 판제품 및 공작물 제조업,5,2511
25113,육상 금속 골조 구조재 제조업,5,2511
25114,수상 금속 골조 구조재 제조업,5,2511
25119,기타 구조용 금속제품 제조업,5,2511
2512,"산업용 난방 보일러, 금속탱크 및 유사 용기 제조업",4,251
25121,산업용 난방보일러 및 방열기 제조업,5,2512
25122,금속 탱크 및 저장 용기 제조업,5,2512
25123,압축 및 액화 가스 용기 제조업,5,2512
2513,핵반응기 및 증기보일러 제조업,4,251
25130,핵반응기 및 증기보일러 제조업,5,2513
252,무기 및 총포탄 제조업,3,25
2520,무기 및 총포탄 제조업,4,252
25200,무기 및 총포탄 제조업,5,2520
259,기타 금속 가공제품 제조업,3,25
2591,"금속 단조, 압형 및 분말 야금제품 제조업",4,259
25911,분말 야금제품 제조업,5,2591
25912,금속 단조제품 제조업,5,2591
25913,자동차용 금속 압형제품 제조업,5,2591
25914,그 외 금속 압형제품 제조업,5,2591
2592,"금속 열처리, 도금 및 기타 금속 가공업",4,259
25921,금속 열처리업,5,2592
25922,도금업,5,2592
25923,도장 및 기타 피막 처리업,5,2592
25924,절삭 가공 및 유사 처리업,5,2592
25929,그 외 기타 금속 가공업,5,2592
2593,"날붙이, 수공구 및 일반 철물 제조업",4,259
25931,날붙이 제조업,5,2593
25932,일반 철물 제조업,5,2593
25933,비동력식 수공구 제조업,5,2593
25934,톱 및 호환성 공구 제조업,5,2593
2594,"금속 파스너, 스프링 및 금속선 가공제품 제조업",4,259
25941,볼트 및 너트류 제조업,5,2594
25942,그 외 금속 파스너 및 나사제품 제조업,5,2594
25943,금속 스프링 제조업,5,2594
25944,금속선 가공제품 제조업,5,2594
2599,그 외 기타 금속 가공제품 제조업,4,259
25991,금속 캔 및 기타 포장용기 제조업,5,2599
25992,수동식 식품 가공 기기 및 금속 주방용기 제조업,5,2599
25993,금속 위생용품 제조업,5,2599
25994,금속 표시판 제조업,5,2599
25995,피복 및 충전 용접봉 제조업,5,2599
25999,그 외 기타 분류 안된 금속 가공제품 제조업,5,2599
26,"전자 부품, 컴퓨터, 영상, 음향 및 통신장비 제조업",2,C
261,반도체 제조업,3,26
2611,전자집적회로 제조업,4,261
26111,메모리용 전자집적회로 제조업,5,2611
26112,비메모리용 및 기타 전자집적회로 제조업,5,2611
2612,"다이오드, 트랜지스터 및 유사 반도체 소자 제조업",4,261
26121,발광 다이오드 제조업,5,2612
26129,기타 반도체 소자 제조업,5,2612
262,전자 부품 제조업,3,26
2621,표시장치 제조업,4,262
26211,액정 표시장치 제조업,5,2621
26212,유기 발광 표시장치 제조업,5,2621
26219,기타 표시장치 제조업,5,2621
2622,인쇄회로기판 및 전자부품 실장기판 제조업,4,262
26221,인쇄회로기판용 적층판 제조업,5,2622
26222,경성 인쇄회로기판 제조업,5,2622
26223,연성 및 기타 인쇄회로기판 제조업,5,2622
26224,전자 부품 실장기판 제조업,5,2622
2629,기타 전자 부품 제조업,4,262
26291,전자 축전기 제조업,5,2629
26292,전자 저항기 제조업,5,2629
26293,전자카드 제조업,5,2629
26294,"전자코일, 변성기 및 기타 전자 유도자 제조업",5,2629
26295,전자 감지장치 제조업,5,2629
26299,그 외 기타 전자 부품 제조업,5,2629
263,컴퓨터 및 주변 장치 제조업,3,26
2631,컴퓨터 제조업,4,263
26310,컴퓨터 제조업,5,2631
2632,기억 장치 및 주변 기기 제조업,4,263
26321,기억 장치 제조업,5,2632
26322,컴퓨터 모니터 제조업,5,2632
26323,컴퓨터 프린터 제조업,5,2632
26329,기타 주변 기기 제조업,5,2632
264,통신 및 방송장비 제조업,3,26
2641,유선 통신장비 제조업,4,264
26410,유선 통신장비 제조업,5,2641
2642,방송 및 무선 통신장비 제조업,4,264
26421,방송장비 제조업,5,2642
26422,이동 전화기 제조업,5,2642
26429,기타 무선 통신장비 제조업,5,2642
265,영상 및 음향 기기 제조업,3,26
2651,"텔레비전, 비디오 및 기타 영상 기기 제조업",4,265
26511,텔레비전 제조업,5,2651
26519,비디오 및 기타 영상 기기 제조업,5,2651
2652,"오디오, 스피커 및 기타 음향 기기 제조업",4,265
26521,"라디오, 녹음 및 재생 기기 제조업",5,2652
26529,기타 음향기기 제조업,5,2652
266,마그네틱 및 광학 매체 제조업,3,26
2660,마그네틱 및 광학 매체 제조업,4,266
26600,마그네틱 및 광학 매체 제조업,5,2660
27,"의료, 정밀, 광학 기기 및 시계 제조업",2,C
271,의료용 기기 제조업,3,27
2711,방사선 장치 및 전기식 진단 기기 제조업,4,271
27111,방사선 장치 제조업,5,2711
27112,전기식 진단 및 요법 기기 제조업,5,2711
2719,기타 의료용 기기 제조업,4,271
27191,치과용 기기 제조업,5,2719
27192,정형 외과용 및 신체 보정용 기기 제조업,5,2719
27193,안경 및 안경렌즈 제조업,5,2719
27194,의료용 가구 제조업,5,2719
27199,그 외 기타 의료용 기기 제조업,5,2719
272,"측정, 시험, 항해, 제어 및 기타 정밀 기기 제조업; 광학 기기 제외",3,27
2721,"측정, 시험, 항해, 제어 및 기타 정밀 기기 제조업",4,272
27211,"레이더, 항행용 무선 기기 및 측량 기구 제조업",5,2721
27212,"전자기 측정, 시험 및 분석 기구 제조업",5,2721
27213,"물질 검사, 측정 및 분석 기구 제조업",5,2721
27214,속도계 및 적산계기 제조업,5,2721
27215,기기용 자동 측정 및 제어장치 제조업,5,2721
27216,산업 처리공정 제어장비 제조업,5,2721
27219,"기타 측정, 시험, 항해, 제어 및 정밀 기기 제조업",5,2721
273,사진장비 및 광학 기기 제조업,3,27
2730,사진장비 및 광학기기 제조업,4,273
27301,광학 렌즈 및 광학 요소 제조업,5,2730
27302,"사진기, 영사기 및 관련 장비 제조업",5,2730
27309,기타 광학 기기 제조업,5,2730
274,시계 및 시계 부품 제조업,3,27
2740,시계 및 시계 부품 제조업,4,274
27400,시계 및 시계 부품 제조업,5,2740
28,전기장비 제조업,2,C
281,"전동기, 발전기 및 전기 변환ㆍ공급ㆍ제어 장치 제조업",3,28
2811,"전동기, 발전기 및 전기 변환장치 제조업",4,281
28111,전동기 및 발전기 제조업,5,2811
28112,변압기 제조업,5,2811
28113,방전 램프용 안정기 제조업,5,2811
28114,에너지 저장장치 제조업,5,2811
28119,기타 전기 변환장치 제조업,5,2811
2812,전기 공급 및 제어장치 제조업,4,281
28121,"전기회로 개폐, 보호 장치 제조업",5,2812
28122,전기회로 접속장치 제조업,5,2812
28123,배전반 및 전기 자동제어반 제조업,5,2812
282,일차전지 및 축전지 제조업,3,28
2820,일차전지 및 축전지 제조업,4,282
28201,일차전지 제조업,5,2820
28202,축전지 제조업,5,2820
283,절연선 및 케이블 제조업,3,28
2830,절연선 및 케이블 제조업,4,283
28301,광섬유 케이블 제조업,5,2830
28302,기타 절연선 및 케이블 제조업,5,2830
28303,절연 코드세트 및 기타 도체 제조업,5,2830
284,전구 및 조명장치 제조업,3,28
2841,전구 및 램프 제조업,4,284
28410,전구 및 램프 제조업,5,2841
2842,조명장치 제조업,4,284
28421,운송장비용 조명장치 제조업,5,2842
28422,일반용 전기 조명장치 제조업,5,2842
28423,전시 및 광고용 조명장치 제조업,5,2842
28429,기타 조명장치 제조업,5,2842
285,가정용 기기 제조업,3,28
2851,가정용 전기 기기 제조업,4,285
28511,주방용 전기 기기 제조업,5,2851
28512,가정용 전기 난방기기 제조업,5,2851
28519,기타 가정용 전기 기기 제조업,5,2851
2852,가정용 비전기식 조리 및 난방 기구 제조업,4,285
28520,가정용 비전기식 조리 및 난방 기구 제조업,5,2852
289,기타 전기장비 제조업,3,28
2890,기타 전기장비 제조업,4,289
28901,전기 경보 및 신호장치 제조업,5,2890
28902,전기용 탄소제품 및 절연제품 제조업,5,2890
28903,교통 신호장치 제조업,5,2890
28909,그 외 기타 전기장비 제조업,5,2890
29,기타 기계 및 장비 제조업,2,C
291,일반 목적용 기계 제조업,3,29
2911,내연기관 및 터빈 제조업; 항공기용 및 차량용 제외,4,291
29111,내연기관 제조업,5,2911
29119,기타 기관 및 터빈 제조업,5,2911
2912,유압 기기 제조업,4,291
29120,유압 기기 제조업,5,2912
2913,"펌프 및 압축기 제조업; 탭, 밸브 및 유사 장치 제조 포함",4,291
29131,액체 펌프 제조업,5,2913
29132,기체 펌프 및 압축기 제조업,5,2913
29133,"탭, 밸브 및 유사 장치 제조업",5,2913
2914,"베어링, 기어 및 동력 전달장치 제조업",4,291
29141,구름베어링 제조업,5,2914
29142,기어 및 동력전달장치 제조업,5,2914
2915,"산업용 오븐, 노 및 노용 버너 제조업",4,291
29150,"산업용 오븐, 노 및 노용 버너 제조업",5,2915
2916,"산업용 트럭, 승강기 및 물품 취급장비 제조업",4,291
29161,산업용 트럭 및 적재기 제조업,5,2916
29162,승강기 제조업,5,2916
29163,컨베이어 장치 제조업,5,2916
29169,기타 물품 취급장비 제조업,5,2916
2917,"냉각, 공기 조화, 여과, 증류 및 가스 발생기 제조업",4,291
29171,산업용 냉장 및 냉동장비 제조업,5,2917
29172,공기 조화장치 제조업,5,2917
29173,산업용 송풍기 및 배기장치 제조업,5,2917
29174,기체 여과기 제조업,5,2917
29175,액체 여과기 제조업,5,2917
29176,"증류기, 열 교환기 및 가스 발생기 제조업",5,2917
2918,사무용 기계 및 장비 제조업,4,291
29180,사무용 기계 및 장비 제조업,5,2918
2919,기타 일반 목적용 기계 제조업,4,291
29191,일반 저울 제조업,5,2919
29192,"용기 세척, 포장 및 충전기 제조업",5,2919
29193,분사기 및 소화기 제조업,5,2919
29194,동력식 수지 공구 제조업,5,2919
29199,그 외 기타 일반 목적용 기계 제조업,5,2919
292,특수 목적용 기계 제조업,3,29
2921,농업 및 임업용 기계 제조업,4,292
29210,농업 및 임업용 기계 제조업,5,2921
2922,가공 공작기계 제조업,4,292
29221,전자 응용 절삭기계 제조업,5,2922
29222,디지털 적층 성형기계 제조업,5,2922
29223,금속 절삭기계 제조업,5,2922
29224,금속 성형기계 제조업,5,2922
29229,기타 가공 공작기계 제조업,5,2922
2923,금속 주조 및 기타 야금용 기계 제조업,4,292
29230,금속 주조 및 기타 야금용 기계 제조업,5,2923
2924,건설 및 광업용 기계장비 제조업,4,292
29241,건설 및 채광용 기계장비 제조업,5,2924
29242,광물 처리 및 취급장비 제조업,5,2924
2925,음ㆍ식료품 및 담배 가공기계 제조업,4,292
29250,음ㆍ식료품 및 담배 가공기계 제조업,5,2925
2926,"섬유, 의복 및 가죽 가공기계 제조업",4,292
29261,"산업용 섬유 세척, 염색, 정리 및 가공 기계 제조업",5,2926
29269,"기타 섬유, 의복 및 가죽 가공기계 제조업",5,2926
2927,반도체 및 디스플레이 제조용 기계 제조업,4,292
29271,반도체 제조용 기계 제조업,5,2927
29272,디스플레이 제조용 기계 제조업,5,2927
2928,산업용 로봇 제조업,4,292
29280,산업용 로봇 제조업,5,2928
2929,기타 특수 목적용 기계 제조업,4,292
29291,펄프 및 종이 가공용 기계 제조업,5,2929
29292,"고무, 화학섬유 및 플라스틱 성형기 제조업",5,2929
29293,인쇄 및 제책용 기계 제조업,5,2929
29294,주형 및 금형 제조업,5,2929
29299,그 외 기타 특수 목적용 기계 제조업,5,2929
30,자동차 및 트레일러 제조업,2,C
301,자동차용 엔진 및 자동차 제조업,3,30
3011,자동차용 엔진 제조업,4,301
30110,자동차용 엔진 제조업,5,3011
3012,자동차 제조업,4,301
30121,승용차 및 기타 여객용 자동차 제조업,5,3012
30122,화물 자동차 및 특수 목적용 자동차 제조업,5,3012
302,자동차 차체 및 트레일러 제조업,3,30
3020,자동차 차체 및 트레일러 제조업,4,302
30201,차체 및 특장차 제조업,5,3020
30202,자동차 구조 및 장치 변경업,5,3020
30203,트레일러 및 세미 트레일러 제조업,5,3020
303,자동차 신품 부품 제조업,3,30
3031,자동차 엔진용 신품 부품 제조업,4,303
30310,자동차 엔진용 신품 부품 제조업,5,3031
3032,자동차 차체용 신품 부품 제조업,4,303
30320,자동차 차체용 신품 부품 제조업,5,3032
3033,자동차용 신품 동력 전달장치 및 전기장치 제조업,4,303
30331,자동차용 신품 동력 전달장치 제조업,5,3033
30332,자동차용 신품 전기장치 제조업,5,3033
3039,자동차용 기타 신품 부품 제조업,4,303
30391,자동차용 신품 조향장치 및 현가장치 제조업,5,3039
30392,자동차용 신품 제동장치 제조업,5,3039
30393,자동차용 신품 의자 제조업,5,3039
30399,그 외 자동차용 신품 부품 제조업,5,3039
304,자동차 재제조 부품 제조업,3,30
3040,자동차 재제조 부품 제조업,4,304
30400,자동차 재제조 부품 제조업,5,3040
31,기타 운송장비 제조업,2,C
311,선박 및 보트 건조업,3,31
3111,선박 및 수상 부유 구조물 건조업,4,311
31111,강선 건조업,5,3111
31112,합성수지선 건조업,5,3111
31113,기타 선박 건조업,5,3111
31114,선박 구성 부분품 제조업,5,3111
3112,오락 및 스포츠용 보트 건조업,4,311
31120,오락 및 스포츠용 보트 건조업,5,3112
312,철도장비 제조업,3,31
3120,철도장비 제조업,4,312
31201,기관차 및 기타 철도 차량 제조업,5,3120
31202,철도 차량 부품 및 관련 장치물 제조업,5,3120
313,"항공기, 우주선 및 부품 제조업",3,31
3131,"항공기, 우주선 및 보조장치 제조업",4,313
31311,"유인 항공기, 항공 우주선 및 보조장치 제조업",5,3131
31312,무인 항공기 및 무인 비행장치 제조업,5,3131
3132,항공기용 엔진 및 부품 제조업,4,313
31321,항공기용 엔진 제조업,5,3132
31322,항공기용 부품 제조업,5,3132
319,그 외 기타 운송장비 제조업,3,31
3191,전투용 차량 제조업,4,319
31910,전투용 차량 제조업,5,3191
3192,모터사이클 제조업,4,319
31920,모터사이클 제조업,5,3192
3199,그 외 기타 분류 안된 운송장비 제조업,4,319
31991,자전거 및 환자용 차량 제조업,5,3199
31999,그 외 기타 달리 분류되지 않은 운송장비 제조업,5,3199
32,가구 제조업,2,C
320,가구 제조업,3,32
3201,침대 및 내장 가구 제조업,4,320
32011,매트리스 및 침대 제조업,5,3201
32019,소파 및 기타 내장 가구 제조업,5,3201
3202,목재 가구 제조업,4,320
32021,주방용 및 음식점용 목재 가구 제조업,5,3202
32029,기타 목재 가구 제조업,5,3202
3209,기타 가구 제조업,4,320
32091,금속 가구 제조업,5,3209
32099,그 외 기타 가구 제조업,5,3209
33,기타 제품 제조업,2,C
331,귀금속 및 장신용품 제조업,3,33
3311,귀금속 및 관련제품 제조업,4,331
33110,귀금속 및 관련제품 제조업,5,3311
3312,모조 귀금속 및 모조 장신용품 제조업,4,331
33120,모조 귀금속 및 모조 장신용품 제조업,5,3312
332,악기 제조업,3,33
3320,악기 제조업,4,332
33201,건반 악기 제조업,5,3320
33202,전자 악기 제조업,5,3320
33209,기타 악기 제조업,5,3320
333,운동 및 경기용구 제조업,3,33
3330,운동 및 경기용구 제조업,4,333
33301,"체조, 육상 및 체력 단련용 장비 제조업",5,3330
33302,놀이터용 장비 제조업,5,3330
33303,낚시 및 수렵용구 제조업,5,3330
33309,기타 운동 및 경기용구 제조업,5,3330
334,"인형, 장난감 및 오락용품 제조업",3,33
3340,"인형, 장난감 및 오락용품 제조업",4,334
33401,인형 및 장난감 제조업,5,3340
33402,영상게임기 제조업,5,3340
33409,기타 오락용품 제조업,5,3340
339,그 외 기타 제품 제조업,3,33
3391,간판 및 광고물 제조업,4,339
33910,간판 및 광고물 제조업,5,3391
3392,사무 및 회화용품 제조업,4,339
33920,사무 및 회화용품 제조업,5,3392
3393,"가발, 장식용품 및 전시용 모형 제조업",4,339
33931,가발 및 유사 제품 제조업,5,3393
33932,전시용 모형 제조업,5,3393
33933,표구 처리업,5,3393
3399,그 외 기타 분류 안된 제품 제조업,4,339
33991,단추 및 유사 파스너 제조업,5,3399
33992,"라이터, 연소물 및 흡연용품 제조업",5,3399
33993,비 및 솔 제조업,5,3399
33999,그 외 기타 달리 분류되지 않은 제품 제조업,5,3399
34,산업용 기계 및 장비 수리업,2,C
340,산업용 기계 및 장비 수리업,3,34
3401,일반 기계류 수리업,4,340
34011,건설ㆍ광업용 기계 및 장비 수리업,5,3401
34019,기타 일반 기계 및 장비 수리업,5,3401
3402,전기ㆍ전자 및 정밀 기기 수리업,4,340
34020,전기ㆍ전자 및 정밀 기기 수리업,5,3402
D,"전기, 가스, 증기 및 공기 조절 공급업",1,
35,"전기, 가스, 증기 및 공기 조절 공급업",2,D
351,전기업,3,35
3511,발전업,4,351
35111,원자력 발전업,5,3511
35112,수력 발전업,5,3511
35113,화력 발전업,5,3511
35114,태양력 발전업,5,3511
35119,기타 발전업,5,3511
3512,송전 및 배전업,4,351
35120,송전 및 배전업,5,3512
3513,전기 판매업,4,351
35130,전기 판매업,5,3513
352,연료용 가스 제조 및 배관공급업,3,35
3520,연료용 가스 제조 및 배관공급업,4,352
35200,연료용 가스 제조 및 배관공급업,5,3520
353,"증기, 냉ㆍ온수 및 공기 조절 공급업",3,35
3530,"증기, 냉ㆍ온수 및 공기 조절 공급업",4,353
35300,"증기, 냉ㆍ온수 및 공기 조절 공급업",5,3530
E,"수도, 하수 및 폐기물 처리, 원료 재생업",1,
36,수도업,2,E
360,수도업,3,36
3601,생활용수 공급업,4,360
36010,생활용수 공급업,5,3601
3602,산업용수 공급업,4,360
36020,산업용수 공급업,5,3602
37,"하수, 폐수 및 분뇨 처리업",2,E
370,"하수, 폐수 및 분뇨 처리업",3,37
3701,하수 및 폐수 처리업,4,370
37011,하수 처리업,5,3701
37012,폐수 처리업,5,3701
3702,분뇨 처리업,4,370
37021,사람 분뇨 처리업,5,3702
37022,축산 분뇨 처리업,5,3702
38,"폐기물 수집, 운반, 처리 및 원료 재생업",2,E
381,"폐기물 수집, 운반업",3,38
3811,"지정 외 폐기물 수집, 운반업",4,381
38110,"지정 외 폐기물 수집, 운반업",5,3811
3812,"지정 폐기물 수집, 운반업",4,381
38120,"지정 폐기물 수집, 운반업",5,3812
3813,"건설 폐기물 수집, 운반업",4,381
38130,"건설 폐기물 수집, 운반업",5,3813
382,폐기물 처리업,3,38
3821,지정 외 폐기물 처리업,4,382
38210,지정 외 폐기물 처리업,5,3821
3822,지정 폐기물 처리업,4,382
38220,지정 폐기물 처리업,5,3822
3823,건설 폐기물 처리업,4,382
38230,건설 폐기물 처리업,5,3823
3824,"방사성 폐기물 수집, 운반 및 처리업",4,382
38240,"방사성 폐기물 수집, 운반 및 처리업",5,3824
383,"해체, 선별 및 원료 재생업",3,38
3831,"금속류 해체, 선별 및 원료 재생업",4,383
38311,금속류 해체 및 선별업,5,3831
38312,금속류 원료 재생업,5,3831
3832,"비금속류 해체, 선별 및 원료 재생업",4,383
38321,비금속류 해체 및 선별업,5,3832
38322,비금속류 원료 재생업,5,3832
39,환경 정화 및 복원업,2,E
390,환경 정화 및 복원업,3,39
3900,환경 정화 및 복원업,4,390
39001,토양 및 지하수 정화업,5,3900
39009,기타 환경 정화 및 복원업,5,3900
F,건설업,1,
41,종합 건설업,2,F
411,건물 건설업,3,41
4111,주거용 건물 건설업,4,411
41111,단독 주택 건설업,5,4111
41112,아파트 건설업,5,4111
41119,기타 공동 주택 건설업,5,4111
4112,비주거용 건물 건설업,4,411
41121,사무ㆍ상업용 및 공공기관용 건물 건설업,5,4112
41122,제조업 및 유사 산업용 건물 건설업,5,4112
41129,기타 비주거용 건물 건설업,5,4112
412,토목 건설업,3,41
4121,지반조성 건설업,4,412
41210,지반조성 건설업,5,4121
4122,토목 시설물 건설업,4,412
41221,도로 건설업,5,4122
41222,"교량, 터널 및 철도 건설업",5,4122
41223,"항만, 수로, 댐 및 유사 구조물 건설업",5,4122
41224,환경설비 건설업,5,4122
41225,산업 생산시설 종합 건설업,5,4122
41226,조경 건설업,5,4122
41229,기타 토목 시설물 건설업,5,4122
42,전문직별 공사업,2,F
421,기반조성 및 시설물 축조관련 전문공사업,3,42
4211,건물 및 구축물 해체 공사업,4,421
42110,건물 및 구축물 해체 공사업,5,4211
4212,기반조성 관련 전문공사업,4,421
42121,토공사업,5,4212
42122,"보링, 그라우팅 및 관정 공사업",5,4212
42123,파일공사 및 축조관련 기초 공사업,5,4212
42129,기타 기반조성 관련 전문공사업,5,4212
4213,시설물 축조 관련 전문공사업,4,421
42131,철골 및 관련 구조물 공사업,5,4213
42132,콘크리트 및 철근 공사업,5,4213
42133,조적 및 석공사업,5,4213
42134,포장 공사업,5,4213
42135,철도 궤도 전문공사업,5,4213
42136,수중 공사업,5,4213
42137,비계 및 형틀 공사업,5,4213
42138,"지붕, 내ㆍ외벽 축조 관련 전문공사업",5,4213
42139,기타 옥외 시설물 축조관련 전문공사업,5,4213
422,건물설비 설치 공사업,3,42
4220,건물설비 설치 공사업,4,422
42201,배관 및 냉ㆍ난방 공사업,5,4220
42202,건물용 기계ㆍ장비 설치 공사업,5,4220
42203,"방음, 방진 및 내화 공사업",5,4220
42204,소방시설 공사업,5,4220
42209,기타 건물 관련설비 설치 공사업,5,4220
423,전기 및 통신 공사업,3,42
4231,전기 공사업,4,423
42311,일반 전기 공사업,5,4231
42312,내부 전기배선 공사업,5,4231
4232,통신 공사업,4,423
42321,일반 통신 공사업,5,4232
42322,내부 통신배선 공사업,5,4232
424,실내건축 및 건축마무리 공사업,3,42
4241,"도장, 도배 및 내장 공사업",4,424
42411,도장 공사업,5,4241
42412,"도배, 실내 장식 및 내장 목공사업",5,4241
4242,유리 및 창호 공사업,4,424
42420,유리 및 창호 공사업,5,4242
4249,기타 건축 마무리 공사업,4,424
42491,"미장, 타일 및 방수 공사업",5,4249
42492,건물용 금속 공작물 설치 공사업,5,4249
42499,그 외 기타 건축 마무리 공사업,5,4249
425,시설물 유지관리 공사업,3,42
4250,시설물 유지관리 공사업,4,425
42500,시설물 유지관리 공사업,5,4250
426,건설장비 운영업,3,42
4260,건설장비 운영업,4,426
42600,건설장비 운영업,5,4260
G,도매 및 소매업,1,
45,자동차 및 부품 판매업,2,G
451,자동차 판매업,3,45
4511,자동차 신품 판매업,4,451
45110,자동차 신품 판매업,5,4511
4512,중고 자동차 판매업,4,451
45120,중고 자동차 판매업,5,4512
452,자동차 부품 및 내장품 판매업,3,45
4521,자동차 신품 부품 및 내장품 판매업,4,452
45211,자동차 신품 타이어 및 튜브 판매업,5,4521
45212,자동차용 전용 신품 부품 판매업,5,4521
45213,자동차 내장용 신품 전기ㆍ전자ㆍ정밀기기 판매업,5,4521
45219,기타 자동차 신품 부품 및 내장품 판매업,5,4521
4522,자동차 중고 부품 및 내장품 판매업,4,452
45220,자동차 중고 부품 및 내장품 판매업,5,4522
453,모터사이클 및 부품 판매업,3,45
4530,모터사이클 및 부품 판매업,4,453
45301,모터사이클 및 부품 도매업,5,4530
45302,모터사이클 및 부품 소매업,5,4530
46,도매 및 상품 중개업,2,G
461,상품 중개업,3,46
4610,상품 중개업,4,461
46101,"산업용 농ㆍ축산물, 섬유 원료 및 동물 중개업",5,4610
46102,음ㆍ식료품 및 담배 중개업,5,4610
46103,"섬유, 의복, 신발 및 가죽제품 중개업",5,4610
46104,목재 및 건축자재 중개업,5,4610
46105,"연료, 광물, 1차 금속, 비료 및 화학제품 중개업",5,4610
46106,기계 및 장비 중개업,5,4610
46107,그 외 기타 특정 상품 중개업,5,4610
46109,상품 종합 중개업,5,4610
462,산업용 농ㆍ축산물 및 동ㆍ식물 도매업,3,46
4620,산업용 농ㆍ축산물 및 동ㆍ식물 도매업,4,462
46201,곡물 및 유지작물 도매업,5,4620
46202,종자 및 묘목 도매업,5,4620
46203,사료 도매업,5,4620
46204,화훼류 및 식물 도매업,5,4620
46205,육지 동물 및 애완 동물 도매업,5,4620
46209,기타 산업용 농산물 도매업,5,4620
463,음ㆍ식료품 및 담배 도매업,3,46
4631,신선 식품 및 단순 가공 식품 도매업,4,463
46311,과실류 도매업,5,4631
46312,"채소류, 서류 및 향신작물류 도매업",5,4631
46313,육류 도매업,5,4631
46314,건어물 및 젓갈류 도매업,5,4631
46315,"신선, 냉동 및 기타 수산물 도매업",5,4631
46319,기타 신선 식품 및 단순 가공 식품 도매업,5,4631
4632,가공식품 도매업,4,463
46321,육류 가공식품 도매업,5,4632
46322,수산물 가공식품 도매업,5,4632
46323,"빵류, 과자류, 당류, 초콜릿 도매업",5,4632
46324,낙농품 및 동ㆍ식물성 유지 도매업,5,4632
46325,커피 및 차류 도매업,5,4632
46326,조미료 도매업,5,4632
46329,기타 가공식품 도매업,5,4632
4633,음료 및 담배 도매업,4,463
46331,주류 도매업,5,4633
46332,비알코올 음료 도매업,5,4633
46333,담배 도매업,5,4633
464,생활용품 도매업,3,46
4641,"생활용 섬유제품, 의복, 의복 액세서리 및 모피제품 도매업",4,464
46411,생활용 섬유 및 실 도매업,5,4641
46412,커튼 및 침구용품 도매업,5,4641
46413,남녀용 겉옷 및 셔츠 도매업,5,4641
46414,유아용 의류 도매업,5,4641
46415,속옷 및 잠옷 도매업,5,4641
46416,가죽 및 모피 제품 도매업,5,4641
46417,의복 액세서리 및 모조 장신구 도매업,5,4641
46419,기타 생활용 섬유 및 직물 제품 도매업,5,4641
4642,신발 도매업,4,464
46420,신발 도매업,5,4642
4643,"생활용 가구, 조명기구 및 비전기식 생활용기기 도매업",4,464
46431,생활용 가구 도매업,5,4643
46432,"전구, 램프 및 조명장치 도매업",5,4643
46433,생활용 유리ㆍ요업ㆍ목재ㆍ금속 제품 및 날붙이 도매업,5,4643
46439,기타 비전기식 생활용 기기 및 기구 도매업,5,4643
4644,"의약품, 의료용품 및 화장품 도매업",4,464
46441,의약품 도매업,5,4644
46442,의료용품 도매업,5,4644
46443,화장품 및 화장용품 도매업,5,4644
46444,비누 및 세정제 도매업,5,4644
4645,"생활용 포장ㆍ위생용품, 문구용품 및 출판 인쇄물 도매업",4,464
46451,"생활용 포장 및 위생용품, 봉투 및 유사 제품 도매업",5,4645
46452,"문구용품, 회화용품, 사무용품 도매업",5,4645
46453,"서적, 잡지 및 기타 인쇄물 도매업",5,4645
4646,"음반 및 비디오물, 악기, 오락 및 경기용품 도매업",4,464
46461,음반 및 비디오물 도매업,5,4646
46462,악기 도매업,5,4646
46463,"장난감 및 취미, 오락용품 도매업",5,4646
46464,운동 및 경기용품 도매업,5,4646
46465,자전거 및 기타 운송장비 도매업,5,4646
4649,"가방, 시계, 안경 및 기타 생활용품 도매업",4,464
46491,가방 및 보호용 케이스 도매업,5,4649
46492,시계 및 귀금속 제품 도매업,5,4649
46493,"안경, 사진장비 및 광학용품 도매업",5,4649
46499,그 외 기타 생활용품 도매업,5,4649
465,기계장비 및 관련 물품 도매업,3,46
4651,"컴퓨터 및 주변장치, 소프트웨어 도매업",4,465
46510,"컴퓨터 및 주변장치, 소프트웨어 도매업",5,4651
4652,"가전제품, 통신장비 및 부품 도매업",4,465
46521,가전제품 및 부품 도매업,5,4652
46522,통신ㆍ방송장비 및 부품 도매업,5,4652
4653,산업용 기계 및 장비 도매업,4,465
46531,농림업용 기계 및 장비 도매업,5,4653
46532,건설ㆍ광업용 기계 및 장비 도매업,5,4653
46533,공작용 기계 및 장비 도매업,5,4653
46539,기타 산업용 기계 및 장비 도매업,5,4653
4659,기타 기계 및 장비 도매업,4,465
46591,사무용 가구 및 기기 도매업,5,4659
46592,의료 기기 도매업,5,4659
46593,정밀 기기 및 과학 기기 도매업,5,4659
46594,수송용 운송장비 도매업,5,4659
46595,전기용 기계ㆍ장비 및 관련 기자재 도매업,5,4659
46596,전지 및 케이블 도매업,5,4659
46599,그 외 기타 기계 및 장비 도매업,5,4659
466,"건축 자재, 철물 및 난방장치 도매업",3,46
4661,일반 건축자재 도매업,4,466
46611,원목 및 건축관련 목제품 도매업,5,4661
46612,"골재, 벽돌 및 시멘트 도매업",5,4661
46613,유리 및 창호 도매업,5,4661
4662,"냉ㆍ난방장치 및 철물, 수공구 도매업",4,466
46621,배관 및 냉ㆍ난방장치 도매업,5,4662
46622,"철물, 금속 파스너 및 수공구 도매업",5,4662
4669,기타 건축자재 도매업,4,466
46691,도료 도매업,5,4669
46692,벽지 및 장판류 도매업,5,4669
46699,그 외 기타 건축자재 도매업,5,4669
467,기타 전문 도매업,3,46
4671,"연료, 연료용 광물 및 관련제품 도매업",4,467
46711,고체 연료 및 관련제품 도매업,5,4671
46712,액체 연료 및 관련제품 도매업,5,4671
46713,기체 연료 및 관련제품 도매업,5,4671
4672,1차 금속제품 및 금속광물 도매업,4,467
46721,1차 금속제품 도매업,5,4672
46722,금속광물 도매업,5,4672
4673,화학 물질 및 화학제품 도매업,4,467
46731,"염료, 안료 및 관련제품 도매업",5,4673
46732,비료 및 농약 도매업,5,4673
46733,플라스틱 물질 및 합성고무 도매업,5,4673
46739,기타 화학 물질 및 화학제품 도매업,5,4673
4674,"방직용 섬유, 실 및 직물 도매업",4,467
46741,방직용 섬유 및 실 도매업,5,4674
46742,직물 도매업,5,4674
4675,"종이 원지, 판지, 종이상자 도매업",4,467
46750,"종이 원지, 판지, 종이상자 도매업",5,4675
4679,재생용 재료 및 기타 상품 전문 도매업,4,467
46791,재생용 재료 수집 및 판매업,5,4679
46799,그 외 기타 상품 전문 도매업,5,4679
468,상품 종합 도매업,3,46
4680,상품 종합 도매업,4,468
46800,상품 종합 도매업,5,4680
47,소매업; 자동차 제외,2,G
471,종합 소매업,3,47
4711,대형 종합 소매업,4,471
47111,백화점,5,4711
47112,대형 마트,5,4711
47119,기타 대형 종합 소매업,5,4711
4712,음ㆍ식료품 위주 종합 소매업,4,471
47121,슈퍼마켓,5,4712
47122,체인화 편의점,5,4712
47129,기타 음ㆍ식료품 위주 종합 소매업,5,4712
4713,면세점,4,471
47130,면세점,5,4713
4719,그 외 기타 종합 소매업,4,471
47190,그 외 기타 종합 소매업,5,4719
472,음ㆍ식료품 및 담배 소매업,3,47
4721,식료품 소매업,4,472
47211,"곡물, 곡분 및 가축 사료 소매업",5,4721
47212,육류 소매업,5,4721
47213,건어물 및 젓갈류 소매업,5,4721
47214,"신선, 냉동 및 기타 수산물 소매업",5,4721
47215,"채소, 과실 및 뿌리작물 소매업",5,4721
47216,"빵류, 과자류 및 당류 소매업",5,4721
47217,건강 보조식품 소매업,5,4721
47218,조리 반찬류 소매업,5,4721
47219,기타 식료품 소매업,5,4721
4722,음료 및 담배 소매업,4,472
47221,음료 소매업,5,4722
47222,담배 소매업,5,4722
473,가전제품 및 정보 통신장비 소매업,3,47
4731,"컴퓨터 및 주변장치, 소프트웨어 및 통신기기 소매업",4,473
47311,"컴퓨터 및 주변장치, 소프트웨어 소매업",5,4731
47312,통신기기 소매업,5,4731
4732,가전제품 소매업,4,473
47320,가전제품 소매업,5,4732
474,"섬유, 의복, 신발 및 가죽제품 소매업",3,47
4741,의복 소매업,4,474
47411,남자용 겉옷 소매업,5,4741
47412,여자용 겉옷 소매업,5,4741
47413,속옷 및 잠옷 소매업,5,4741
47414,셔츠 및 블라우스 소매업,5,4741
47415,한복 소매업,5,4741
47416,가죽 및 모피 의복 소매업,5,4741
47417,유아용 의류 소매업,5,4741
47419,기타 의복 소매업,5,4741
4742,"섬유, 직물 및 의복 액세서리 소매업",4,474
47421,가정용 직물제품 소매업,5,4742
47422,의복 액세서리 및 모조 장신구 소매업,5,4742
47429,"섬유 원단, 실 및 기타 섬유제품 소매업",5,4742
4743,신발 소매업,4,474
47430,신발 소매업,5,4743
4744,가방 및 기타 가죽제품 소매업,4,474
47440,가방 및 기타 가죽제품 소매업,5,4744
475,기타 생활용품 소매업,3,47
4751,"철물, 공구, 창호 및 건설자재 소매업",4,475
47511,철물 및 난방용구 소매업,5,4751
47512,공구 소매업,5,4751
47513,"벽지, 마루덮개 및 장판류 소매업",5,4751
47519,"페인트, 창호 및 기타 건설자재 소매업",5,4751
4752,가구 소매업,4,475
47520,가구 소매업,5,4752
4759,그 외 기타 가정용품 소매업,4,475
47591,전기용품 및 조명장치 소매업,5,4759
47592,"주방용품 및 가정용 유리, 요업제품 소매업",5,4759
47593,악기 소매업,5,4759
47599,그 외 기타 분류 안된 가정용품 소매업,5,4759
476,"문화, 오락 및 여가 용품 소매업",3,47
4761,서적 및 문구용품 소매업,4,476
47611,"서적, 신문 및 잡지류 소매업",5,4761
47612,문구용품 및 회화용품 소매업,5,4761
4762,음반 및 비디오물 소매업,4,476
47620,음반 및 비디오물 소매업,5,4762
4763,운동용품 및 자전거 소매업,4,476
47631,운동 및 경기용품 소매업,5,4763
47632,자전거 및 기타 운송장비 소매업,5,4763
4764,"게임용구, 인형 및 장난감 소매업",4,476
47640,"게임용구, 인형 및 장난감 소매업",5,4764
477,연료 소매업,3,47
4771,운송장비용 연료 소매업,4,477
47711,운송장비용 주유소 운영업,5,4771
47712,운송장비용 가스 충전업,5,4771
4772,가정용 연료 소매업,4,477
47721,가정용 고체 연료 소매업,5,4772
47722,가정용 액체 연료 소매업,5,4772
47723,가정용 가스 연료 소매업,5,4772
478,기타 상품 전문 소매업,3,47
4781,"의약품, 의료용 기구, 화장품 및 방향제 소매업",4,478
47811,의약품 및 의료용품 소매업,5,4781
47812,의료용 기구 소매업,5,4781
47813,"화장품, 비누 및 방향제 소매업",5,4781
4782,"사무용 기기, 안경, 사진장비 및 정밀기기 소매업",4,478
47821,사무용 기기 소매업,5,4782
47822,안경 및 렌즈 소매업,5,4782
47823,사진기 및 사진용품 소매업,5,4782
47829,기타 광학 및 정밀 기기 소매업,5,4782
4783,시계 및 귀금속 소매업,4,478
47830,시계 및 귀금속 소매업,5,4783
4784,"예술품, 기념품 및 장식용품 소매업",4,478
47841,예술품 및 골동품 소매업,5,4784
47842,"기념품, 관광 민예품 및 장식용품 소매업",5,4784
4785,그 외 기타 상품 전문 소매업,4,478
47851,화초 및 식물 소매업,5,4785
47852,애완용 동물 및 관련용품 소매업,5,4785
47859,그 외 기타 분류 안된 상품 전문 소매업,5,4785
4786,중고 상품 소매업,4,478
47861,중고 가구 소매업,5,4786
47862,중고 가전제품 및 통신장비 소매업,5,4786
47869,기타 중고 상품 소매업,5,4786
479,무점포 소매업,3,47
4791,통신 판매업,4,479
47911,전자상거래 소매 중개업,5,4791
47912,전자상거래 소매업,5,4791
47919,기타 통신 판매업,5,4791
4792,노점 및 유사 이동 소매업,4,479
47920,노점 및 유사 이동 소매업,5,4792
4799,기타 무점포 소매업,4,479
47991,자동 판매기 운영업,5,4799
47992,계약배달 판매업,5,4799
47993,방문 판매업,5,4799
47999,그 외 기타 무점포 소매업,5,4799
H,운수 및 창고업,1,
49,육상 운송 및 파이프라인 운송업,2,H
491,철도 운송업,3,49
4910,철도 운송업,4,491
49101,철도 여객 운송업,5,4910
49102,철도 화물 운송업,5,4910
492,육상 여객 운송업,3,49
4921,도시 정기 육상 여객 운송업,4,492
49211,도시철도 운송업,5,4921
49212,시내버스 운송업,5,4921
49219,기타 도시 정기 육상 여객 운송업,5,4921
4922,시외버스 운송업,4,492
49220,시외버스 운송업,5,4922
4923,부정기 육상 여객 운송업,4,492
49231,택시 운송업,5,4923
49232,전세버스 운송업,5,4923
49233,특수 여객 자동차 운송업,5,4923
49239,기타 부정기 여객 육상 운송업,5,4923
493,도로 화물 운송업,3,49
4930,도로 화물 운송업,4,493
49301,일반 화물 자동차 운송업,5,4930
49302,용달 화물 자동차 운송업,5,4930
49303,개별 화물 자동차 운송업,5,4930
49309,기타 도로 화물 운송업,5,4930
494,소화물 전문 운송업,3,49
4940,소화물 전문 운송업,4,494
49401,택배업,5,4940
49402,늘찬 배달업,5,4940
495,파이프라인 운송업,3,49
4950,파이프라인 운송업,4,495
49500,파이프라인 운송업,5,4950
50,수상 운송업,2,H
501,해상 운송업,3,50
5011,외항 운송업,4,501
50111,외항 여객 운송업,5,5011
50112,외항 화물 운송업,5,5011
5012,내항 운송업,4,501
50121,내항 여객 운송업,5,5012
50122,내항 화물 운송업,5,5012
5013,기타 해상 운송업,4,501
50130,기타 해상 운송업,5,5013
502,내륙 수상 및 항만 내 운송업,3,50
5020,내륙 수상 및 항만 내 운송업,4,502
50201,내륙 수상 여객 및 화물 운송업,5,5020
50202,항만 내 여객 운송업,5,5020
50209,기타 내륙 수상 운송업,5,5020
51,항공 운송업,2,H
511,항공 여객 운송업,3,51
5110,항공 여객 운송업,4,511
51100,항공 여객 운송업,5,5110
512,항공 화물 운송업,3,51
5120,항공 화물 운송업,4,512
51200,항공 화물 운송업,5,5120
52,창고 및 운송관련 서비스업,2,H
521,보관 및 창고업,3,52
5210,보관 및 창고업,4,521
52101,일반 창고업,5,5210
52102,냉장 및 냉동 창고업,5,5210
52103,농산물 창고업,5,5210
52104,위험 물품 보관업,5,5210
52109,기타 보관 및 창고업,5,5210
529,기타 운송관련 서비스업,3,52
5291,육상 운송 지원 서비스업,4,529
52911,철도 운송 지원 서비스업,5,5291
52912,여객 자동차 터미널 운영업,5,5291
52913,물류 터미널 운영업,5,5291
52914,도로 및 관련시설 운영업,5,5291
52915,주차장 운영업,5,5291
52919,기타 육상 운송지원 서비스업,5,5291
5292,수상 운송 지원 서비스업,4,529
52921,항구 및 기타 해상 터미널 운영업,5,5292
52929,기타 수상 운송 지원 서비스업,5,5292
5293,항공 운송 지원 서비스업,4,529
52931,공항 운영업,5,5293
52939,기타 항공 운송지원 서비스업,5,5293
5294,화물 취급업,4,529
52941,항공 및 육상 화물 취급업,5,5294
52942,수상 화물 취급업,5,5294
5299,그 외 기타 운송관련 서비스업,4,529
52991,통관 대리 및 관련서비스업,5,5299
52992,"화물 운송 중개, 대리 및 관련 서비스업",5,5299
52993,"화물 포장, 검수 및 계량 서비스업",5,5299
52999,그 외 기타 분류 안된 운송관련 서비스업,5,5299
I,숙박 및 음식점업,1,
55,숙박업,2,I
551,일반 및 생활 숙박시설 운영업,3,55
5510,일반 및 생활 숙박시설 운영업,4,551
55101,호텔업,5,5510
55102,여관업,5,5510
55103,휴양 콘도 운영업,5,5510
55104,민박업,5,5510
55109,기타 일반 및 생활 숙박시설 운영업,5,5510
559,기타 숙박업,3,55
5590,기타 숙박업,4,559
55901,기숙사 및 고시원 운영업,5,5590
55909,그 외 기타 숙박업,5,5590
56,음식점 및 주점업,2,I
561,음식점업,3,56
5611,한식 음식점업,4,561
56111,한식 일반 음식점업,5,5611
56112,한식 면 요리 전문점,5,5611
56113,한식 육류 요리 전문점,5,5611
56114,한식 해산물 요리 전문점,5,5611
5612,외국식 음식점업,4,561
56121,중식 음식점업,5,5612
56122,일식 음식점업,5,5612
56123,서양식 음식점업,5,5612
56129,기타 외국식 음식점업,5,5612
5613,기관 구내식당업,4,561
56130,기관 구내식당업,5,5613
5614,출장 및 이동 음식점업,4,561
56141,출장 음식 서비스업,5,5614
56142,이동 음식점업,5,5614
5619,기타 간이 음식점업,4,561
56191,제과점업,5,5619
56192,"피자, 햄버거, 샌드위치 및 유사 음식점업",5,5619
56193,치킨 전문점,5,5619
56194,김밥 및 기타 간이 음식점업,5,5619
56199,간이 음식 포장 판매 전문점,5,5619
562,주점 및 비알코올 음료점업,3,56
5621,주점업,4,562
56211,일반 유흥 주점업,5,5621
56212,무도 유흥 주점업,5,5621
56213,생맥주 전문점,5,5621
56219,기타 주점업,5,5621
5622,비알코올 음료점업,4,562
56221,커피 전문점,5,5622
56229,기타 비알코올 음료점업,5,5622
J,정보통신업,1,
58,출판업,2,J
581,"서적, 잡지 및 기타 인쇄물 출판업",3,58
5811,서적 출판업,4,581
58111,교과서 및 학습 서적 출판업,5,5811
58112,만화 출판업,5,5811
58113,일반 서적 출판업,5,5811
5812,"신문, 잡지 및 정기 간행물 출판업",4,581
58121,신문 발행업,5,5812
58122,잡지 및 정기 간행물 발행업,5,5812
58123,정기 광고 간행물 발행업,5,5812
5819,기타 인쇄물 출판업,4,581
58190,기타 인쇄물 출판업,5,5819
582,소프트웨어 개발 및 공급업,3,58
5821,게임 소프트웨어 개발 및 공급업,4,582
58211,유선 온라인 게임 소프트웨어 개발 및 공급업,5,5821
58212,모바일 게임 소프트웨어 개발 및 공급업,5,5821
58219,기타 게임 소프트웨어 개발 및 공급업,5,5821
5822,시스템ㆍ응용 소프트웨어 개발 및 공급업,4,582
58221,시스템 소프트웨어 개발 및 공급업,5,5822
58222,응용 소프트웨어 개발 및 공급업,5,5822
59,영상ㆍ오디오 기록물 제작 및 배급업,2,J
591,"영화, 비디오물, 방송 프로그램 제작 및 배급업",3,59
5911,"영화, 비디오물 및 방송 프로그램 제작업",4,591
59111,일반 영화 및 비디오물 제작업,5,5911
59112,애니메이션 영화 및 비디오물 제작업,5,5911
59113,광고 영화 및 비디오물 제작업,5,5911
59114,방송 프로그램 제작업,5,5911
5912,"영화, 비디오물 및 방송 프로그램 제작 관련 서비스업",4,591
59120,"영화, 비디오물 및 방송 프로그램 제작 관련 서비스업",5,5912
5913,"영화, 비디오물 및 방송 프로그램 배급업",4,591
59130,"영화, 비디오물 및 방송 프로그램 배급업",5,5913
5914,영화 및 비디오물 상영업,4,591
59141,영화관 운영업,5,5914
59142,비디오물 감상실 운영업,5,5914
592,오디오물 출판 및 원판 녹음업,3,59
5920,오디오물 출판 및 원판 녹음업,4,592
59201,음악 및 기타 오디오물 출판업,5,5920
59202,녹음시설 운영업,5,5920
60,방송업,2,J
601,라디오 방송업,3,60
6010,라디오 방송업,4,601
60100,라디오 방송업,5,6010
602,텔레비전 방송업,3,60
6021,지상파 방송업,4,602
60210,지상파 방송업,5,6021
6022,"유선, 위성 및 기타 방송업",4,602
60221,프로그램 공급업,5,6022
60222,유선 방송업,5,6022
60229,위성 및 기타 방송업,5,6022
61,우편 및 통신업,2,J
611,공영 우편업,3,61
6110,공영 우편업,4,611
61100,공영 우편업,5,6110
612,전기 통신업,3,61
6121,유선 통신업,4,612
61210,유선 통신업,5,6121
6122,무선 및 위성 통신업,4,612
61220,무선 및 위성 통신업,5,6122
6129,기타 전기 통신업,4,612
61291,통신 재판매업,5,6129
61299,그 외 기타 전기 통신업,5,6129
62,"컴퓨터 프로그래밍, 시스템 통합 및 관리업",2,J
620,"컴퓨터 프로그래밍, 시스템 통합 및 관리업",3,62
6201,컴퓨터 프로그래밍 서비스업,4,620
62010,컴퓨터 프로그래밍 서비스업,5,6201
6202,"컴퓨터 시스템 통합 자문, 구축 및 관리업",4,620
62021,컴퓨터 시스템 통합 자문 및 구축 서비스업,5,6202
62022,컴퓨터시설 관리업,5,6202
6209,기타 정보 기술 및 컴퓨터 운영 관련 서비스업,4,620
62090,기타 정보 기술 및 컴퓨터 운영 관련 서비스업,5,6209
63,정보서비스업,2,J
631,"자료 처리, 호스팅, 포털 및 기타 인터넷 정보 매개 서비스업",3,63
6311,"자료 처리, 호스팅 및 관련 서비스업",4,631
63111,자료 처리업,5,6311
63112,호스팅 및 관련 서비스업,5,6311
6312,포털 및 기타 인터넷 정보 매개 서비스업,4,631
63120,포털 및 기타 인터넷 정보 매개 서비스업,5,6312
639,기타 정보 서비스업,3,63
6391,뉴스 제공업,4,639
63910,뉴스 제공업,5,6391
6399,그 외 기타 정보 서비스업,4,639
63991,데이터베이스 및 온라인 정보 제공업,5,6399
63999,그 외 기타 정보 서비스업,5,6399
K,금융 및 보험업,1,
64,금융업,2,K
641,은행 및 저축기관,3,64
6411,중앙은행,4,641
64110,중앙은행,5,6411
6412,일반은행,4,641
64121,국내은행,5,6412
64122,외국은행,5,6412
6413,신용조합 및 저축기관,4,641
64131,신용조합,5,6413
64132,상호 저축은행 및 기타 저축기관,5,6413
642,신탁업 및 집합 투자업,3,64
6420,신탁업 및 집합 투자업,4,642
64201,신탁업 및 집합 투자업,5,6420
64209,기타 금융 투자업,5,6420
649,기타 금융업,3,64
6491,여신 금융업,4,649
64911,금융 리스업,5,6491
64912,개발 금융기관,5,6491
64913,신용카드 및 할부 금융업,5,6491
64919,그 외 기타 여신 금융업,5,6491
6499,그 외 기타 금융업,4,649
64991,기금 운영업,5,6499
64992,지주회사,5,6499
64999,그 외 기타 분류 안된 금융업,5,6499
65,보험 및 연금업,2,K
651,보험업,3,65
6511,생명보험업,4,651
65110,생명보험업,5,6511
6512,손해 및 보증보험업,4,651
65121,손해보험업,5,6512
65122,보증보험업,5,6512
6513,사회보장보험업,4,651
65131,건강보험업,5,6513
65139,산업 재해 및 기타 사회보장보험업,5,6513
652,재보험업,3,65
6520,재보험업,4,652
65200,재보험업,5,6520
653,연금 및 공제업,3,65
6530,연금 및 공제업,4,653
65301,개인 공제업,5,6530
65302,사업 공제업,5,6530
65303,연금업,5,6530
66,금융 및 보험관련 서비스업,2,K
661,금융 지원 서비스업,3,66
6611,금융시장 관리업,4,661
66110,금융시장 관리업,5,6611
6612,증권 및 선물 중개업,4,661
66121,증권 중개업,5,6612
66122,선물 중개업,5,6612
6619,기타 금융 지원 서비스업,4,661
66191,"증권 발행, 관리, 보관 및 거래 지원 서비스업",5,6619
66192,투자 자문업 및 투자 일임업,5,6619
66199,그 외 기타 금융 지원 서비스업,5,6619
662,보험 및 연금관련 서비스업,3,66
6620,보험 및 연금관련 서비스업,4,662
66201,손해 사정업,5,6620
66202,보험 대리 및 중개업,5,6620
66209,기타 보험 및 연금관련 서비스업,5,6620
L,부동산업,1,
68,부동산업,2,L
681,부동산 임대 및 공급업,3,68
6811,부동산 임대업,4,681
68111,주거용 건물 임대업,5,6811
68112,비주거용 건물 임대업,5,6811
68119,기타 부동산 임대업,5,6811
6812,부동산 개발 및 공급업,4,681
68121,주거용 건물 개발 및 공급업,5,6812
68122,비주거용 건물 개발 및 공급업,5,6812
68129,기타 부동산 개발 및 공급업,5,6812
682,부동산관련 서비스업,3,68
6821,부동산 관리업,4,682
68211,주거용 부동산 관리업,5,6821
68212,비주거용 부동산 관리업,5,6821
6822,"부동산 중개, 자문 및 감정 평가업",4,682
68221,부동산 중개 및 대리업,5,6822
68222,부동산 투자 자문업,5,6822
68223,부동산 감정 평가업,5,6822
M,"전문, 과학 및 기술 서비스업",1,
70,연구개발업,2,M
701,자연과학 및 공학 연구개발업,3,70
7011,자연과학 연구개발업,4,701
70111,"물리, 화학 및 생물학 연구개발업",5,7011
70112,농림수산학 및 수의학 연구개발업,5,7011
70113,의학 및 약학 연구개발업,5,7011
70119,기타 자연과학 연구개발업,5,7011
7012,공학 연구개발업,4,701
70121,전기ㆍ전자공학 연구개발업,5,7012
70129,기타 공학 연구개발업,5,7012
7013,자연과학 및 공학 융합 연구개발업,4,701
70130,자연과학 및 공학 융합 연구개발업,5,7013
702,인문 및 사회과학 연구개발업,3,70
7020,인문 및 사회과학 연구개발업,4,702
70201,경제 및 경영학 연구개발업,5,7020
70209,기타 인문 및 사회과학 연구개발업,5,7020
71,전문 서비스업,2,M
711,법무관련 서비스업,3,71
7110,법무관련 서비스업,4,711
71101,변호사업,5,7110
71102,변리사업,5,7110
71103,법무사업,5,7110
71109,기타 법무관련 서비스업,5,7110
712,회계 및 세무관련 서비스업,3,71
7120,회계 및 세무관련 서비스업,4,712
71201,공인회계사업,5,7120
71202,세무사업,5,7120
71209,기타 회계 관련 서비스업,5,7120
713,광고업,3,71
7131,광고 대행업,4,713
71310,광고 대행업,5,7131
7139,기타 광고업,4,713
71391,옥외 및 전시 광고업,5,7139
71392,광고 매체 판매업,5,7139
71393,"광고물 문안, 도안, 설계 등 작성업",5,7139
71399,그 외 기타 광고 관련 서비스업,5,7139
714,시장 조사 및 여론 조사업,3,71
7140,시장 조사 및 여론 조사업,4,714
71400,시장 조사 및 여론 조사업,5,7140
715,회사 본부 및 경영 컨설팅 서비스업,3,71
7151,회사 본부,4,715
71511,제조업 회사 본부,5,7151
71519,기타 산업 회사본부,5,7151
7153,경영 컨설팅 및 공공 관계 서비스업,4,715
71531,경영 컨설팅업,5,7153
71532,공공관계 서비스업,5,7153
716,기타 전문 서비스업,3,71
7160,기타 전문 서비스업,4,716
71600,기타 전문 서비스업,5,7160
72,"건축 기술, 엔지니어링 및 기타 과학기술 서비스업",2,M
721,"건축 기술, 엔지니어링 및 관련 기술 서비스업",3,72
7211,건축 및 조경 설계 서비스업,4,721
72111,건축 설계 및 관련 서비스업,5,7211
72112,도시 계획 및 조경 설계 서비스업,5,7211
7212,엔지니어링 서비스업,4,721
72121,건물 및 토목 엔지니어링 서비스업,5,7212
72122,환경 관련 엔지니어링 서비스업,5,7212
72129,기타 엔지니어링 서비스업,5,7212
729,기타 과학기술 서비스업,3,72
7291,"기술 시험, 검사 및 분석업",4,729
72911,물질 성분 검사 및 분석업,5,7291
72919,"기타 기술 시험, 검사 및 분석업",5,7291
7292,"측량, 지질 조사 및 지도 제작업",4,729
72921,측량업,5,7292
72922,제도업,5,7292
72923,지질 조사 및 탐사업,5,7292
72924,지도 제작업,5,7292
73,"기타 전문, 과학 및 기술 서비스업",2,M
731,수의업,3,73
7310,수의업,4,731
73100,수의업,5,7310
732,전문 디자인업,3,73
7320,전문 디자인업,4,732
73201,인테리어 디자인업,5,7320
73202,제품 디자인업,5,7320
73203,시각 디자인업,5,7320
73209,"패션, 섬유류 및 기타 전문 디자인업",5,7320
733,사진 촬영 및 처리업,3,73
7330,사진 촬영 및 처리업,4,733
73301,인물 사진 및 행사용 영상 촬영업,5,7330
73302,상업용 사진 촬영업,5,7330
73303,사진 처리업,5,7330
739,"그 외 기타 전문, 과학 및 기술 서비스업",3,73
7390,"그 외 기타 전문, 과학 및 기술 서비스업",4,739
73901,매니저업,5,7390
73902,번역 및 통역 서비스업,5,7390
73903,사업 및 무형 재산권 중개업,5,7390
73904,"물품 감정, 계량 및 견본 추출업",5,7390
73909,"그 외 기타 분류 안된 전문, 과학 및 기술 서비스업",5,7390
N,"사업시설 관리, 사업 지원 및 임대 서비스업",1,
74,사업시설 관리 및 조경 서비스업,2,N
741,사업시설 유지ㆍ관리 서비스업,3,74
7410,사업시설 유지ㆍ관리 서비스업,4,741
74100,사업시설 유지ㆍ관리 서비스업,5,7410
742,건물ㆍ산업설비 청소 및 방제 서비스업,3,74
7421,건물 및 산업설비 청소업,4,742
74211,건축물 일반 청소업,5,7421
74212,"산업설비, 운송장비 및 공공장소 청소업",5,7421
7422,"소독, 구충 및 방제 서비스업",4,742
74220,"소독, 구충 및 방제 서비스업",5,7422
743,조경관리 및 유지 서비스업,3,74
7430,조경관리 및 유지 서비스업,4,743
74300,조경관리 및 유지 서비스업,5,7430
75,사업 지원 서비스업,2,N
751,고용 알선 및 인력 공급업,3,75
7511,고용 알선업,4,751
75110,고용 알선업,5,7511
7512,인력 공급업,4,751
75121,임시 및 일용 인력 공급업,5,7512
75122,상용 인력 공급 및 인사관리 서비스업,5,7512
752,여행사 및 기타 여행 보조 서비스업,3,75
7521,여행사업,4,752
75210,여행사업,5,7521
7529,기타 여행 보조 및 예약 서비스업,4,752
75290,기타 여행 보조 및 예약 서비스업,5,7529
753,"경비, 경호 및 탐정업",3,75
7531,경비 및 경호 서비스업,4,753
75310,경비 및 경호 서비스업,5,7531
7532,보안 시스템 서비스업,4,753
75320,보안 시스템 서비스업,5,7532
7533,탐정 및 조사 서비스업,4,753
75330,탐정 및 조사 서비스업,5,7533
759,기타 사업 지원 서비스업,3,75
7591,사무 지원 서비스업,4,759
75911,문서 작성업,5,7591
75912,복사업,5,7591
75919,기타 사무 지원 서비스업,5,7591
7599,그 외 기타 사업 지원 서비스업,4,759
75991,콜센터 및 텔레마케팅 서비스업,5,7599
75992,"전시, 컨벤션 및 행사 대행업",5,7599
75993,신용 조사 및 추심 대행업,5,7599
75994,포장 및 충전업,5,7599
75999,그 외 기타 분류 안된 사업 지원 서비스업,5,7599
76,임대업; 부동산 제외,2,N
761,운송장비 임대업,3,76
7611,자동차 임대업,4,761
76110,자동차 임대업,5,7611
7619,기타 운송장비 임대업,4,761
76190,기타 운송장비 임대업,5,7619
762,개인 및 가정용품 임대업,3,76
7621,스포츠 및 레크리에이션 용품 임대업,4,762
76210,스포츠 및 레크리에이션 용품 임대업,5,7621
7622,음반 및 비디오물 임대업,4,762
76220,음반 및 비디오물 임대업,5,7622
7629,기타 개인 및 가정용품 임대업,4,762
76291,서적 임대업,5,7629
76292,의류 임대업,5,7629
76299,그 외 기타 개인 및 가정용품 임대업,5,7629
763,산업용 기계 및 장비 임대업,3,76
7631,건설 및 토목공사용 기계ㆍ장비 임대업,4,763
76310,건설 및 토목공사용 기계ㆍ장비 임대업,5,7631
7632,컴퓨터 및 사무용 기계ㆍ장비 임대업,4,763
76320,컴퓨터 및 사무용 기계ㆍ장비 임대업,5,7632
7639,기타 산업용 기계 및 장비 임대업,4,763
76390,기타 산업용 기계 및 장비 임대업,5,7639
764,무형 재산권 임대업,3,76
7640,무형 재산권 임대업,4,764
76400,무형 재산권 임대업,5,7640
O,"공공 행정, 국방 및 사회보장 행정",1,
84,"공공 행정, 국방 및 사회보장 행정",2,O
841,입법 및 일반 정부 행정,3,84
8411,일반 공공 행정,4,841
84111,입법기관,5,8411
84112,중앙 최고 집행기관,5,8411
84113,지방행정 집행기관,5,8411
84114,재정 및 경제정책 행정,5,8411
84119,기타 일반 공공 행정,5,8411
8412,정부기관 일반 보조 행정,4,841
84120,정부기관 일반 보조 행정,5,8412
842,사회 및 산업정책 행정,3,84
8421,사회서비스 관리 행정,4,842
84211,교육 행정,5,8421
84212,문화 및 관광 행정,5,8421
84213,환경 행정,5,8421
84214,보건 및 복지 행정,5,8421
84219,기타 사회서비스 관리 행정,5,8421
8422,노동 및 산업 진흥 행정,4,842
84221,노동 행정,5,8422
84222,농림수산 행정,5,8422
84223,건설 및 운송 행정,5,8422
84224,우편 및 통신 행정,5,8422
84229,기타 산업 진흥 행정,5,8422
843,외무 및 국방 행정,3,84
8431,외무 행정,4,843
84310,외무 행정,5,8431
8432,국방 행정,4,843
84320,국방 행정,5,8432
844,사법 및 공공 질서 행정,3,84
8440,사법 및 공공 질서 행정,4,844
84401,법원,5,8440
84402,검찰,5,8440
84403,교도기관,5,8440
84404,경찰,5,8440
84405,소방서,5,8440
84409,기타 사법 및 공공 질서 행정,5,8440
845,사회보장 행정,3,84
8450,사회보장 행정,4,845
84500,사회보장 행정,5,8450
P,교육 서비스업,1,
85,교육 서비스업,2,P
851,초등 교육기관,3,85
8511,유아 교육기관,4,851
85110,유아 교육기관,5,8511
8512,초등학교,4,851
85120,초등학교,5,8512
852,중등 교육기관,3,85
8521,일반 중등 교육기관,4,852
85211,중학교,5,8521
85212,일반 고등학교,5,8521
8522,특성화 고등학교,4,852
85221,상업 및 정보산업 특성화 고등학교,5,8522
85222,공업 특성화 고등학교,5,8522
85229,기타 특성화 고등학교,5,8522
853,고등 교육기관,3,85
8530,고등 교육기관,4,853
85301,전문대학,5,8530
85302,대학교,5,8530
85303,대학원,5,8530
854,"특수학교, 외국인학교 및 대안학교",3,85
8541,특수학교,4,854
85410,특수학교,5,8541
8542,외국인학교,4,854
85420,외국인학교,5,8542
8543,대안학교,4,854
85430,대안학교,5,8543
855,일반 교습학원,3,85
8550,일반 교습학원,4,855
85501,일반 교과학원,5,8550
85502,방문 교육학원,5,8550
85503,온라인 교육학원,5,8550
856,기타 교육기관,3,85
8561,스포츠 및 레크리에이션 교육기관,4,856
85611,태권도 및 무술 교육기관,5,8561
85612,기타 스포츠 교육기관,5,8561
85613,레크리에이션 교육기관,5,8561
85614,청소년 수련시설 운영업,5,8561
8562,예술학원,4,856
85621,음악학원,5,8562
85622,미술학원,5,8562
85629,기타 예술학원,5,8562
8563,외국어학원 및 기타 교습학원,4,856
85631,외국어학원,5,8563
85632,기타 교습학원,5,8563
8564,사회교육시설,4,856
85640,사회교육시설,5,8564
8565,직원 훈련기관,4,856
85650,직원 훈련기관,5,8565
8566,기술 및 직업 훈련학원,4,856
85661,운전학원,5,8566
85669,기타 기술 및 직업 훈련학원,5,8566
8569,그 외 기타 교육기관,4,856
85691,컴퓨터 학원,5,8569
85699,그 외 기타 분류 안된 교육기관,5,8569
857,교육 지원 서비스업,3,85
8570,교육 지원 서비스업,4,857
85701,교육관련 자문 및 평가업,5,8570
85709,기타 교육지원 서비스업,5,8570
Q,보건업 및 사회복지 서비스업,1,
86,보건업,2,Q
861,병원,3,86
8610,병원,4,861
86101,종합병원,5,8610
86102,일반병원,5,8610
86103,치과병원,5,8610
86104,한방병원,5,8610
86105,요양병원,5,8610
862,의원,3,86
8620,의원,4,862
86201,일반의원,5,8620
86202,치과의원,5,8620
86203,한의원,5,8620
86204,방사선 진단 및 병리 검사 의원,5,8620
863,공중 보건 의료업,3,86
8630,공중 보건 의료업,4,863
86300,공중 보건 의료업,5,8630
869,기타 보건업,3,86
8690,기타 보건업,4,869
86901,앰뷸런스 서비스업,5,8690
86902,유사 의료업,5,8690
86909,그 외 기타 보건업,5,8690
87,사회복지 서비스업,2,Q
871,거주 복지시설 운영업,3,87
8711,노인 거주 복지시설 운영업,4,871
87111,노인 요양 복지시설 운영업,5,8711
87112,노인 양로 복지시설 운영업,5,8711
8712,심신 장애인 거주 복지시설 운영업,4,871
87121,신체 부자유자 거주 복지시설 운영업,5,8712
87122,"정신 질환, 정신 지체 및 약물 중독자 거주 복지시설 운영업",5,8712
8713,기타 거주 복지시설 운영업,4,871
87131,아동 및 부녀자 거주 복지시설 운영업,5,8713
87139,그 외 기타 거주 복지시설 운영업,5,8713
872,비거주 복지시설 운영업,3,87
8721,보육시설 운영업,4,872
87210,보육시설 운영업,5,8721
8729,기타 비거주 복지 서비스업,4,872
87291,직업 재활원 운영업,5,8729
87292,종합복지관 운영업,5,8729
87293,방문 복지서비스 제공업,5,8729
87294,사회복지 상담 서비스 제공업,5,8729
87299,그 외 기타 비거주 복지 서비스업,5,8729
R,"예술, 스포츠 및 여가관련 서비스업",1,
90,"창작, 예술 및 여가관련 서비스업",2,R
901,창작 및 예술관련 서비스업,3,90
9011,공연시설 운영업,4,901
90110,공연시설 운영업,5,9011
9012,공연단체,4,901
90121,연극단체,5,9012
90122,무용 및 음악단체,5,9012
90123,기타 공연단체,5,9012
9013,자영 예술가,4,901
90131,공연 예술가,5,9013
90132,비공연 예술가,5,9013
9019,기타 창작 및 예술관련 서비스업,4,901
90191,공연 기획업,5,9019
90192,공연 및 제작관련 대리업,5,9019
90199,그 외 기타 창작 및 예술관련 서비스업,5,9019
902,"도서관, 사적지 및 유사 여가관련 서비스업",3,90
9021,"도서관, 기록 보존소 및 독서실 운영업",4,902
90211,도서관 및 기록 보존소 운영업,5,9021
90212,독서실 운영업,5,9021
9022,박물관 및 사적지 관리 운영업,4,902
90221,박물관 운영업,5,9022
90222,사적지 관리 운영업,5,9022
9023,"식물원, 동물원 및 자연공원 운영업",4,902
90231,식물원 및 동물원 운영업,5,9023
90232,자연공원 운영업,5,9023
9029,기타 유사 여가관련 서비스업,4,902
90290,기타 유사 여가관련 서비스업,5,9029
91,스포츠 및 오락관련 서비스업,2,R
911,스포츠 서비스업,3,91
9111,경기장 운영업,4,911
91111,실내 경기장 운영업,5,9111
91112,실외 경기장 운영업,5,9111
91113,경주장 및 동물 경기장 운영업,5,9111
9112,골프장 및 스키장 운영업,4,911
91121,골프장 운영업,5,9112
91122,스키장 운영업,5,9112
9113,기타 스포츠시설 운영업,4,911
91131,종합 스포츠시설 운영업,5,9113
91132,체력 단련시설 운영업,5,9113
91133,수영장 운영업,5,9113
91134,볼링장 운영업,5,9113
91135,당구장 운영업,5,9113
91136,골프 연습장 운영업,5,9113
91139,그 외 기타 스포츠시설 운영업,5,9113
9119,기타 스포츠 서비스업,4,911
91191,스포츠 클럽 운영업,5,9119
91199,그 외 기타 스포츠 서비스업,5,9119
912,유원지 및 기타 오락관련 서비스업,3,91
9121,유원지 및 테마파크 운영업,4,912
91210,유원지 및 테마파크 운영업,5,9121
9122,오락장 운영업,4,912
91221,전자 게임장 운영업,5,9122
91222,컴퓨터 게임방 운영업,5,9122
91223,노래 연습장 운영업,5,9122
91229,기타 오락장 운영업,5,9122
9123,수상오락 서비스업,4,912
91231,낚시장 운영업,5,9123
91239,기타 수상오락 서비스업,5,9123
9124,사행시설 관리 및 운영업,4,912
91241,복권 발행 및 판매업,5,9124
91249,기타 사행시설 관리 및 운영업,5,9124
9129,그 외 기타 오락관련 서비스업,4,912
91291,무도장 운영업,5,9129
91292,체육 공원 및 유사 공원 운영업,5,9129
91293,기원 운영업,5,9129
91299,그 외 기타 분류 안된 오락관련 서비스업,5,9129
S,"협회 및 단체, 수리 및 기타 개인 서비스업",1,
94,협회 및 단체,2,S
941,산업 및 전문가 단체,3,94
9411,산업 단체,4,941
94110,산업 단체,5,9411
9412,전문가 단체,4,941
94120,전문가 단체,5,9412
942,노동조합,3,94
9420,노동조합,4,942
94200,노동조합,5,9420
949,기타 협회 및 단체,3,94
9491,종교 단체,4,949
94911,불교 단체,5,9491
94912,기독교 단체,5,9491
94913,천주교 단체,5,9491
94914,민족 종교 단체,5,9491
94919,기타 종교 단체,5,9491
9492,정치 단체,4,949
94920,정치 단체,5,9492
9493,시민운동 단체,4,949
94931,환경운동 단체,5,9493
94939,기타 시민운동 단체,5,9493
9499,그 외 기타 협회 및 단체,4,949
94990,그 외 기타 협회 및 단체,5,9499
95,개인 및 소비용품 수리업,2,S
951,컴퓨터 및 통신장비 수리업,3,95
9511,컴퓨터 및 주변 기기 수리업,4,951
95110,컴퓨터 및 주변 기기 수리업,5,9511
9512,통신장비 수리업,4,951
95120,통신장비 수리업,5,9512
952,자동차 및 모터사이클 수리업,3,95
9521,자동차 수리 및 세차업,4,952
95211,자동차 종합 수리업,5,9521
95212,자동차 전문 수리업,5,9521
95213,자동차 세차업,5,9521
9522,모터사이클 수리업,4,952
95220,모터사이클 수리업,5,9522
953,개인 및 가정용품 수리업,3,95
9531,가전제품 수리업,4,953
95310,가전제품 수리업,5,9531
9539,기타 개인 및 가정용품 수리업,4,953
95391,의복 및 기타 가정용 직물제품 수리업,5,9539
95392,"가죽, 가방 및 신발 수리업",5,9539
95393,"시계, 귀금속 및 악기 수리업",5,9539
95399,그 외 기타 개인 및 가정용품 수리업,5,9539
96,기타 개인 서비스업,2,S
961,"미용, 욕탕 및 유사 서비스업",3,96
9611,이용 및 미용업,4,961
96111,이용업,5,9611
96112,두발 미용업,5,9611
96113,피부 미용업,5,9611
96119,기타 미용업,5,9611
9612,"욕탕, 마사지 및 기타 신체 관리 서비스업",4,961
96121,욕탕업,5,9612
96122,마사지업,5,9612
96129,체형 등 기타 신체 관리 서비스업,5,9612
969,그 외 기타 개인 서비스업,3,96
9691,세탁업,4,969
96911,산업용 세탁업,5,9691
96912,가정용 세탁업,5,9691
96913,세탁물 공급업,5,9691
9692,장례식장 및 관련 서비스업,4,969
96921,장례식장 및 장의관련 서비스업,5,9692
96922,"화장터 운영, 묘지 분양 및 관리업",5,9692
9699,그 외 기타 분류 안된 개인 서비스업,4,969
96991,예식장업,5,9699
96992,점술 및 유사 서비스업,5,9699
96993,개인 간병 및 유사 서비스업,5,9699
96994,결혼 상담 및 준비 서비스업,5,9699
96995,애완 동물 장묘 및 보호 서비스업,5,9699
96999,그 외 기타 달리 분류되지 않은 개인 서비스업,5,9699
T,가구 내 고용활동 및 달리 분류되지 않은 자가 소비 생산활동,1,
97,가구 내 고용활동,2,T
970,가구 내 고용활동,3,97
9700,가구 내 고용활동,4,970
97000,가구 내 고용활동,5,9700
98,달리 분류되지 않은 자가 소비를 위한 가구의 재화 및 서비스 생산활동,2,T
981,자가 소비를 위한 가사 생산 활동,3,98
9810,자가 소비를 위한 가사 생산 활동,4,981
98100,자가 소비를 위한 가사 생산 활동,5,9810
982,자가 소비를 위한 가사 서비스 활동,3,98
9820,자가 소비를 위한 가사 서비스 활동,4,982
98200,자가 소비를 위한 가사 서비스 활동,5,9820
U,국제 및 외국기관,1,
99,국제 및 외국기관,2,U
990,국제 및 외국기관,3,99
9900,국제 및 외국기관,4,990
99001,주한 외국 공관,5,9900
99009,기타 국제 및 외국기관,5,9900
